{
    "id": "businesses_plus.csv",
    "name": "businesses_plus.csv",
    "description": null,
    "sourceColumns": [
        {
            "id": "HN686089",
            "hNodeId": "HN686089",
            "columnName": "schemaorg_restaurant_id"
        },
        {
            "id": "HN665045",
            "hNodeId": "HN665045",
            "columnName": "rest_id"
        },
        {
            "id": "HN672061",
            "hNodeId": "HN672061",
            "columnName": "business_id_uri"
        },
        {
            "id": "HN693103",
            "hNodeId": "HN693103",
            "columnName": "rest_name_id"
        },
        {
            "id": "HN545852",
            "hNodeId": "HN545852",
            "columnName": "business_id"
        },
        {
            "id": "HN679075",
            "hNodeId": "HN679075",
            "columnName": "rest_name"
        },
        {
            "id": "HN545854",
            "hNodeId": "HN545854",
            "columnName": "address"
        },
        {
            "id": "HN545857",
            "hNodeId": "HN545857",
            "columnName": "latitude"
        },
        {
            "id": "HN545858",
            "hNodeId": "HN545858",
            "columnName": "longitude"
        },
        {
            "id": "HN545863",
            "hNodeId": "HN545863",
            "columnName": "owner_name"
        },
        {
            "id": "HN545859",
            "hNodeId": "HN545859",
            "columnName": "phone_number"
        },
        {
            "id": "HN545860",
            "hNodeId": "HN545860",
            "columnName": "TaxCode"
        },
        {
            "id": "HN545853",
            "hNodeId": "HN545853",
            "columnName": "name"
        }
    ],
    "mappingToSourceColumns": [
        {
            "id": "HN545860",
            "sourceColumnId": "HN545860"
        },
        {
            "id": "HN545852",
            "sourceColumnId": "HN545852"
        },
        {
            "id": "HN545863",
            "sourceColumnId": "HN545863"
        },
        {
            "id": "HN545854",
            "sourceColumnId": "HN545854"
        },
        {
            "id": "HN545853",
            "sourceColumnId": "HN545853"
        },
        {
            "id": "HN545858",
            "sourceColumnId": "HN545858"
        },
        {
            "id": "HN545857",
            "sourceColumnId": "HN545857"
        },
        {
            "id": "HN686089",
            "sourceColumnId": "HN686089"
        },
        {
            "id": "HN545859",
            "sourceColumnId": "HN545859"
        },
        {
            "id": "HN665045",
            "sourceColumnId": "HN665045"
        },
        {
            "id": "HN693103",
            "sourceColumnId": "HN693103"
        },
        {
            "id": "HN672061",
            "sourceColumnId": "HN672061"
        },
        {
            "id": "HN679075",
            "sourceColumnId": "HN679075"
        }
    ],
    "graph": {
        "nodes": [
            {
                "id": "http://schema.org/Restaurant1",
                "label": {
                    "uri": "http://schema.org/Restaurant"
                },
                "type": "InternalNode",
                "modelIds": null
            },
            {
                "id": "HN686089",
                "label": {
                    "uri": "HN686089"
                },
                "type": "ColumnNode",
                "hNodeId": "HN686089",
                "columnName": "schemaorg_restaurant_id",
                "rdfLiteralType": null,
                "userSemanticTypes": [
                    {
                        "hNodeId": "HN686089",
                        "domain": {
                            "uri": "http://schema.org/Restaurant"
                        },
                        "type": {
                            "uri": "http://isi.edu/integration/karma/dev#classLink"
                        },
                        "origin": "User",
                        "confidenceScore": 1.0
                    }
                ],
                "learnedSemanticTypes": null,
                "modelIds": null
            },
            {
                "id": "HN665045",
                "label": {
                    "uri": "HN665045"
                },
                "type": "ColumnNode",
                "hNodeId": "HN665045",
                "columnName": "rest_id",
                "rdfLiteralType": null,
                "userSemanticTypes": [
                    {
                        "hNodeId": "HN665045",
                        "domain": {
                            "uri": "http://schema.org/Restaurant"
                        },
                        "type": {
                            "uri": "http://www.w3.org/2000/01/rdf-schema#label"
                        },
                        "origin": "User",
                        "confidenceScore": 1.0
                    }
                ],
                "learnedSemanticTypes": null,
                "modelIds": null
            },
            {
                "id": "http://www.semanticweb.org/asu/health-inspection-data#Restaurant1",
                "label": {
                    "uri": "http://www.semanticweb.org/asu/health-inspection-data#Restaurant"
                },
                "type": "InternalNode",
                "modelIds": null
            },
            {
                "id": "HN672061",
                "label": {
                    "uri": "HN672061"
                },
                "type": "ColumnNode",
                "hNodeId": "HN672061",
                "columnName": "business_id_uri",
                "rdfLiteralType": null,
                "userSemanticTypes": [
                    {
                        "hNodeId": "HN672061",
                        "domain": {
                            "uri": "http://www.semanticweb.org/asu/health-inspection-data#Restaurant"
                        },
                        "type": {
                            "uri": "http://isi.edu/integration/karma/dev#classLink"
                        },
                        "origin": "User",
                        "confidenceScore": 1.0
                    }
                ],
                "learnedSemanticTypes": null,
                "modelIds": null
            },
            {
                "id": "HN693103",
                "label": {
                    "uri": "HN693103"
                },
                "type": "ColumnNode",
                "hNodeId": "HN693103",
                "columnName": "rest_name_id",
                "rdfLiteralType": null,
                "userSemanticTypes": [
                    {
                        "hNodeId": "HN693103",
                        "domain": {
                            "uri": "http://www.semanticweb.org/asu/health-inspection-data#Restaurant"
                        },
                        "type": {
                            "uri": "http://isi.edu/integration/karma/dev#classLink"
                        },
                        "origin": "User",
                        "confidenceScore": 1.0
                    }
                ],
                "learnedSemanticTypes": null,
                "modelIds": null
            },
            {
                "id": "http://www.semanticweb.org/asu/health-inspection-data#RestaurantAddress1",
                "label": {
                    "uri": "http://www.semanticweb.org/asu/health-inspection-data#RestaurantAddress"
                },
                "type": "InternalNode",
                "modelIds": null
            },
            {
                "id": "http://www.semanticweb.org/asu/health-inspection-data#RestaurantLatitude1",
                "label": {
                    "uri": "http://www.semanticweb.org/asu/health-inspection-data#RestaurantLatitude"
                },
                "type": "InternalNode",
                "modelIds": null
            },
            {
                "id": "http://www.semanticweb.org/asu/health-inspection-data#RestaurantLongitude1",
                "label": {
                    "uri": "http://www.semanticweb.org/asu/health-inspection-data#RestaurantLongitude"
                },
                "type": "InternalNode",
                "modelIds": null
            },
            {
                "id": "http://www.semanticweb.org/asu/health-inspection-data#RestuarantName1",
                "label": {
                    "uri": "http://www.semanticweb.org/asu/health-inspection-data#RestuarantName"
                },
                "type": "InternalNode",
                "modelIds": null
            },
            {
                "id": "http://www.semanticweb.org/asu/health-inspection-data#RestaurantOwnerName1",
                "label": {
                    "uri": "http://www.semanticweb.org/asu/health-inspection-data#RestaurantOwnerName"
                },
                "type": "InternalNode",
                "modelIds": null
            },
            {
                "id": "http://www.semanticweb.org/asu/health-inspection-data#RestaurantPhoneNumber1",
                "label": {
                    "uri": "http://www.semanticweb.org/asu/health-inspection-data#RestaurantPhoneNumber"
                },
                "type": "InternalNode",
                "modelIds": null
            },
            {
                "id": "http://www.semanticweb.org/asu/health-inspection-data#RestaurantTaxCode1",
                "label": {
                    "uri": "http://www.semanticweb.org/asu/health-inspection-data#RestaurantTaxCode"
                },
                "type": "InternalNode",
                "modelIds": null
            },
            {
                "id": "HN545852",
                "label": {
                    "uri": "HN545852"
                },
                "type": "ColumnNode",
                "hNodeId": "HN545852",
                "columnName": "business_id",
                "rdfLiteralType": null,
                "userSemanticTypes": [
                    {
                        "hNodeId": "HN545852",
                        "domain": {
                            "uri": "http://www.semanticweb.org/asu/health-inspection-data#Restaurant"
                        },
                        "type": {
                            "uri": "http://www.w3.org/2000/01/rdf-schema#label"
                        },
                        "origin": "User",
                        "confidenceScore": 1.0
                    }
                ],
                "learnedSemanticTypes": null,
                "modelIds": null
            },
            {
                "id": "HN679075",
                "label": {
                    "uri": "HN679075"
                },
                "type": "ColumnNode",
                "hNodeId": "HN679075",
                "columnName": "rest_name",
                "rdfLiteralType": null,
                "userSemanticTypes": [
                    {
                        "hNodeId": "HN679075",
                        "domain": {
                            "uri": "http://www.semanticweb.org/asu/health-inspection-data#Restaurant"
                        },
                        "type": {
                            "uri": "http://www.w3.org/2000/01/rdf-schema#label"
                        },
                        "origin": "User",
                        "confidenceScore": 1.0
                    }
                ],
                "learnedSemanticTypes": null,
                "modelIds": null
            },
            {
                "id": "HN545854",
                "label": {
                    "uri": "HN545854"
                },
                "type": "ColumnNode",
                "hNodeId": "HN545854",
                "columnName": "address",
                "rdfLiteralType": null,
                "userSemanticTypes": [
                    {
                        "hNodeId": "HN545854",
                        "domain": {
                            "uri": "http://www.semanticweb.org/asu/health-inspection-data#RestaurantAddress"
                        },
                        "type": {
                            "uri": "http://www.w3.org/2000/01/rdf-schema#label"
                        },
                        "origin": "User",
                        "confidenceScore": 1.0
                    }
                ],
                "learnedSemanticTypes": null,
                "modelIds": null
            },
            {
                "id": "HN545857",
                "label": {
                    "uri": "HN545857"
                },
                "type": "ColumnNode",
                "hNodeId": "HN545857",
                "columnName": "latitude",
                "rdfLiteralType": null,
                "userSemanticTypes": [
                    {
                        "hNodeId": "HN545857",
                        "domain": {
                            "uri": "http://www.semanticweb.org/asu/health-inspection-data#RestaurantLatitude"
                        },
                        "type": {
                            "uri": "http://www.w3.org/2000/01/rdf-schema#label"
                        },
                        "origin": "User",
                        "confidenceScore": 1.0
                    }
                ],
                "learnedSemanticTypes": null,
                "modelIds": null
            },
            {
                "id": "HN545858",
                "label": {
                    "uri": "HN545858"
                },
                "type": "ColumnNode",
                "hNodeId": "HN545858",
                "columnName": "longitude",
                "rdfLiteralType": null,
                "userSemanticTypes": [
                    {
                        "hNodeId": "HN545858",
                        "domain": {
                            "uri": "http://www.semanticweb.org/asu/health-inspection-data#RestaurantLongitude"
                        },
                        "type": {
                            "uri": "http://www.w3.org/2000/01/rdf-schema#label"
                        },
                        "origin": "User",
                        "confidenceScore": 1.0
                    }
                ],
                "learnedSemanticTypes": null,
                "modelIds": null
            },
            {
                "id": "HN545863",
                "label": {
                    "uri": "HN545863"
                },
                "type": "ColumnNode",
                "hNodeId": "HN545863",
                "columnName": "owner_name",
                "rdfLiteralType": null,
                "userSemanticTypes": [
                    {
                        "hNodeId": "HN545863",
                        "domain": {
                            "uri": "http://www.semanticweb.org/asu/health-inspection-data#RestaurantOwnerName"
                        },
                        "type": {
                            "uri": "http://www.w3.org/2000/01/rdf-schema#label"
                        },
                        "origin": "User",
                        "confidenceScore": 1.0
                    }
                ],
                "learnedSemanticTypes": null,
                "modelIds": null
            },
            {
                "id": "HN545859",
                "label": {
                    "uri": "HN545859"
                },
                "type": "ColumnNode",
                "hNodeId": "HN545859",
                "columnName": "phone_number",
                "rdfLiteralType": null,
                "userSemanticTypes": [
                    {
                        "hNodeId": "HN545859",
                        "domain": {
                            "uri": "http://www.semanticweb.org/asu/health-inspection-data#RestaurantPhoneNumber"
                        },
                        "type": {
                            "uri": "http://www.w3.org/2000/01/rdf-schema#label"
                        },
                        "origin": "User",
                        "confidenceScore": 1.0
                    }
                ],
                "learnedSemanticTypes": null,
                "modelIds": null
            },
            {
                "id": "HN545860",
                "label": {
                    "uri": "HN545860"
                },
                "type": "ColumnNode",
                "hNodeId": "HN545860",
                "columnName": "TaxCode",
                "rdfLiteralType": null,
                "userSemanticTypes": [
                    {
                        "hNodeId": "HN545860",
                        "domain": {
                            "uri": "http://www.semanticweb.org/asu/health-inspection-data#RestaurantTaxCode"
                        },
                        "type": {
                            "uri": "http://www.w3.org/2000/01/rdf-schema#label"
                        },
                        "origin": "User",
                        "confidenceScore": 1.0
                    }
                ],
                "learnedSemanticTypes": null,
                "modelIds": null
            },
            {
                "id": "HN545853",
                "label": {
                    "uri": "HN545853"
                },
                "type": "ColumnNode",
                "hNodeId": "HN545853",
                "columnName": "name",
                "rdfLiteralType": null,
                "userSemanticTypes": [
                    {
                        "hNodeId": "HN545853",
                        "domain": {
                            "uri": "http://www.semanticweb.org/asu/health-inspection-data#RestuarantName"
                        },
                        "type": {
                            "uri": "http://www.w3.org/2000/01/rdf-schema#label"
                        },
                        "origin": "User",
                        "confidenceScore": 1.0
                    }
                ],
                "learnedSemanticTypes": null,
                "modelIds": null
            }
        ],
        "links": [
            {
                "id": "http://schema.org/Restaurant1---http://isi.edu/integration/karma/dev#classLink---HN686089",
                "weight": 0.01,
                "type": "ClassInstanceLink",
                "label": {
                    "uri": "http://isi.edu/integration/karma/dev#classLink"
                },
                "status": "ForcedByUser",
                "keyInfo": "UriOfInstance",
                "modelIds": null
            },
            {
                "id": "http://schema.org/Restaurant1---http://www.w3.org/2000/01/rdf-schema#label---HN665045",
                "weight": 0.01,
                "type": "DataPropertyLink",
                "label": {
                    "uri": "http://www.w3.org/2000/01/rdf-schema#label"
                },
                "status": "ForcedByUser",
                "keyInfo": "None",
                "modelIds": null
            },
            {
                "id": "http://www.semanticweb.org/asu/health-inspection-data#Restaurant1---http://isi.edu/integration/karma/dev#classLink---HN672061",
                "weight": 0.01,
                "type": "ClassInstanceLink",
                "label": {
                    "uri": "http://isi.edu/integration/karma/dev#classLink"
                },
                "status": "ForcedByUser",
                "keyInfo": "UriOfInstance",
                "modelIds": null
            },
            {
                "id": "http://www.semanticweb.org/asu/health-inspection-data#Restaurant1---http://isi.edu/integration/karma/dev#classLink---HN693103",
                "weight": 0.01,
                "type": "ClassInstanceLink",
                "label": {
                    "uri": "http://isi.edu/integration/karma/dev#classLink"
                },
                "status": "ForcedByUser",
                "keyInfo": "UriOfInstance",
                "modelIds": null
            },
            {
                "id": "http://www.semanticweb.org/asu/health-inspection-data#Restaurant1---http://www.semanticweb.org/asu/health-inspection-data#hasAddress---http://www.semanticweb.org/asu/health-inspection-data#RestaurantAddress1",
                "weight": 0.01,
                "type": "ObjectPropertyLink",
                "label": {
                    "uri": "http://www.semanticweb.org/asu/health-inspection-data#hasAddress"
                },
                "objectPropertyType": "Direct",
                "status": "ForcedByUser",
                "keyInfo": "None",
                "modelIds": null
            },
            {
                "id": "http://www.semanticweb.org/asu/health-inspection-data#Restaurant1---http://www.semanticweb.org/asu/health-inspection-data#hasLatitude---http://www.semanticweb.org/asu/health-inspection-data#RestaurantLatitude1",
                "weight": 0.01,
                "type": "ObjectPropertyLink",
                "label": {
                    "uri": "http://www.semanticweb.org/asu/health-inspection-data#hasLatitude"
                },
                "objectPropertyType": "Direct",
                "status": "ForcedByUser",
                "keyInfo": "None",
                "modelIds": null
            },
            {
                "id": "http://www.semanticweb.org/asu/health-inspection-data#Restaurant1---http://www.semanticweb.org/asu/health-inspection-data#hasLongitude---http://www.semanticweb.org/asu/health-inspection-data#RestaurantLongitude1",
                "weight": 0.01,
                "type": "ObjectPropertyLink",
                "label": {
                    "uri": "http://www.semanticweb.org/asu/health-inspection-data#hasLongitude"
                },
                "objectPropertyType": "Direct",
                "status": "ForcedByUser",
                "keyInfo": "None",
                "modelIds": null
            },
            {
                "id": "http://www.semanticweb.org/asu/health-inspection-data#Restaurant1---http://www.semanticweb.org/asu/health-inspection-data#hasName---http://www.semanticweb.org/asu/health-inspection-data#RestuarantName1",
                "weight": 0.01,
                "type": "ObjectPropertyLink",
                "label": {
                    "uri": "http://www.semanticweb.org/asu/health-inspection-data#hasName"
                },
                "objectPropertyType": "Direct",
                "status": "ForcedByUser",
                "keyInfo": "None",
                "modelIds": null
            },
            {
                "id": "http://www.semanticweb.org/asu/health-inspection-data#Restaurant1---http://www.semanticweb.org/asu/health-inspection-data#hasOwnerName---http://www.semanticweb.org/asu/health-inspection-data#RestaurantOwnerName1",
                "weight": 0.01,
                "type": "ObjectPropertyLink",
                "label": {
                    "uri": "http://www.semanticweb.org/asu/health-inspection-data#hasOwnerName"
                },
                "objectPropertyType": "Direct",
                "status": "ForcedByUser",
                "keyInfo": "None",
                "modelIds": null
            },
            {
                "id": "http://www.semanticweb.org/asu/health-inspection-data#Restaurant1---http://www.semanticweb.org/asu/health-inspection-data#hasPhoneNumber---http://www.semanticweb.org/asu/health-inspection-data#RestaurantPhoneNumber1",
                "weight": 0.01,
                "type": "ObjectPropertyLink",
                "label": {
                    "uri": "http://www.semanticweb.org/asu/health-inspection-data#hasPhoneNumber"
                },
                "objectPropertyType": "Direct",
                "status": "ForcedByUser",
                "keyInfo": "None",
                "modelIds": null
            },
            {
                "id": "http://www.semanticweb.org/asu/health-inspection-data#Restaurant1---http://www.semanticweb.org/asu/health-inspection-data#hasTaxCode---http://www.semanticweb.org/asu/health-inspection-data#RestaurantTaxCode1",
                "weight": 0.01,
                "type": "ObjectPropertyLink",
                "label": {
                    "uri": "http://www.semanticweb.org/asu/health-inspection-data#hasTaxCode"
                },
                "objectPropertyType": "Direct",
                "status": "ForcedByUser",
                "keyInfo": "None",
                "modelIds": null
            },
            {
                "id": "http://www.semanticweb.org/asu/health-inspection-data#Restaurant1---http://www.w3.org/2000/01/rdf-schema#label---HN545852",
                "weight": 0.01,
                "type": "DataPropertyLink",
                "label": {
                    "uri": "http://www.w3.org/2000/01/rdf-schema#label"
                },
                "status": "ForcedByUser",
                "keyInfo": "None",
                "modelIds": null
            },
            {
                "id": "http://www.semanticweb.org/asu/health-inspection-data#Restaurant1---http://www.w3.org/2000/01/rdf-schema#label---HN679075",
                "weight": 0.01,
                "type": "DataPropertyLink",
                "label": {
                    "uri": "http://www.w3.org/2000/01/rdf-schema#label"
                },
                "status": "ForcedByUser",
                "keyInfo": "None",
                "modelIds": null
            },
            {
                "id": "http://www.semanticweb.org/asu/health-inspection-data#RestaurantAddress1---http://www.w3.org/2000/01/rdf-schema#label---HN545854",
                "weight": 0.01,
                "type": "DataPropertyLink",
                "label": {
                    "uri": "http://www.w3.org/2000/01/rdf-schema#label"
                },
                "status": "ForcedByUser",
                "keyInfo": "None",
                "modelIds": null
            },
            {
                "id": "http://www.semanticweb.org/asu/health-inspection-data#RestaurantLatitude1---http://www.w3.org/2000/01/rdf-schema#label---HN545857",
                "weight": 0.01,
                "type": "DataPropertyLink",
                "label": {
                    "uri": "http://www.w3.org/2000/01/rdf-schema#label"
                },
                "status": "ForcedByUser",
                "keyInfo": "None",
                "modelIds": null
            },
            {
                "id": "http://www.semanticweb.org/asu/health-inspection-data#RestaurantLongitude1---http://www.w3.org/2000/01/rdf-schema#label---HN545858",
                "weight": 0.01,
                "type": "DataPropertyLink",
                "label": {
                    "uri": "http://www.w3.org/2000/01/rdf-schema#label"
                },
                "status": "ForcedByUser",
                "keyInfo": "None",
                "modelIds": null
            },
            {
                "id": "http://www.semanticweb.org/asu/health-inspection-data#RestaurantOwnerName1---http://www.w3.org/2000/01/rdf-schema#label---HN545863",
                "weight": 0.01,
                "type": "DataPropertyLink",
                "label": {
                    "uri": "http://www.w3.org/2000/01/rdf-schema#label"
                },
                "status": "ForcedByUser",
                "keyInfo": "None",
                "modelIds": null
            },
            {
                "id": "http://www.semanticweb.org/asu/health-inspection-data#RestaurantPhoneNumber1---http://www.w3.org/2000/01/rdf-schema#label---HN545859",
                "weight": 0.01,
                "type": "DataPropertyLink",
                "label": {
                    "uri": "http://www.w3.org/2000/01/rdf-schema#label"
                },
                "status": "ForcedByUser",
                "keyInfo": "None",
                "modelIds": null
            },
            {
                "id": "http://www.semanticweb.org/asu/health-inspection-data#RestaurantTaxCode1---http://www.w3.org/2000/01/rdf-schema#label---HN545860",
                "weight": 0.01,
                "type": "DataPropertyLink",
                "label": {
                    "uri": "http://www.w3.org/2000/01/rdf-schema#label"
                },
                "status": "ForcedByUser",
                "keyInfo": "None",
                "modelIds": null
            },
            {
                "id": "http://www.semanticweb.org/asu/health-inspection-data#RestuarantName1---http://www.w3.org/2000/01/rdf-schema#label---HN545853",
                "weight": 0.01,
                "type": "DataPropertyLink",
                "label": {
                    "uri": "http://www.w3.org/2000/01/rdf-schema#label"
                },
                "status": "ForcedByUser",
                "keyInfo": "None",
                "modelIds": null
            }
        ]
    }
}