{
    "id": "Deals.csv",
    "name": "Deals.csv",
    "description": null,
    "sourceColumns": [
        {
            "id": "HN703098",
            "hNodeId": "HN703098",
            "columnName": "deal_uri"
        },
        {
            "id": "HN700208",
            "hNodeId": "HN700208",
            "columnName": "id"
        },
        {
            "id": "HN700227",
            "hNodeId": "HN700227",
            "columnName": "dealdiscount"
        },
        {
            "id": "HN700218",
            "hNodeId": "HN700218",
            "columnName": "expiry"
        },
        {
            "id": "HN700209",
            "hNodeId": "HN700209",
            "columnName": "url"
        },
        {
            "id": "HN700234",
            "hNodeId": "HN700234",
            "columnName": "showimagestandardsmall"
        },
        {
            "id": "HN700230",
            "hNodeId": "HN700230",
            "columnName": "dealsinstore"
        },
        {
            "id": "HN700224",
            "hNodeId": "HN700224",
            "columnName": "dealinfo"
        },
        {
            "id": "HN700225",
            "hNodeId": "HN700225",
            "columnName": "dealoriginalprice"
        },
        {
            "id": "HN700226",
            "hNodeId": "HN700226",
            "columnName": "dealprice"
        },
        {
            "id": "HN700220",
            "hNodeId": "HN700220",
            "columnName": "provider"
        },
        {
            "id": "HN700228",
            "hNodeId": "HN700228",
            "columnName": "dealsavings"
        },
        {
            "id": "HN700223",
            "hNodeId": "HN700223",
            "columnName": "dealtitle"
        },
        {
            "id": "HN703204",
            "hNodeId": "HN703204",
            "columnName": "rest_id"
        },
        {
            "id": "HN700210",
            "hNodeId": "HN700210",
            "columnName": "name"
        }
    ],
    "mappingToSourceColumns": [
        {
            "id": "HN703098",
            "sourceColumnId": "HN703098"
        },
        {
            "id": "HN700230",
            "sourceColumnId": "HN700230"
        },
        {
            "id": "HN700220",
            "sourceColumnId": "HN700220"
        },
        {
            "id": "HN700210",
            "sourceColumnId": "HN700210"
        },
        {
            "id": "HN700234",
            "sourceColumnId": "HN700234"
        },
        {
            "id": "HN700223",
            "sourceColumnId": "HN700223"
        },
        {
            "id": "HN700224",
            "sourceColumnId": "HN700224"
        },
        {
            "id": "HN703204",
            "sourceColumnId": "HN703204"
        },
        {
            "id": "HN700225",
            "sourceColumnId": "HN700225"
        },
        {
            "id": "HN700226",
            "sourceColumnId": "HN700226"
        },
        {
            "id": "HN700227",
            "sourceColumnId": "HN700227"
        },
        {
            "id": "HN700228",
            "sourceColumnId": "HN700228"
        },
        {
            "id": "HN700218",
            "sourceColumnId": "HN700218"
        },
        {
            "id": "HN700208",
            "sourceColumnId": "HN700208"
        },
        {
            "id": "HN700209",
            "sourceColumnId": "HN700209"
        }
    ],
    "graph": {
        "nodes": [
            {
                "id": "http://www.semanticweb.org/asu/8coupons-deals-data#Deal1",
                "label": {
                    "uri": "http://www.semanticweb.org/asu/8coupons-deals-data#Deal"
                },
                "type": "InternalNode",
                "modelIds": null
            },
            {
                "id": "HN703098",
                "label": {
                    "uri": "HN703098"
                },
                "type": "ColumnNode",
                "hNodeId": "HN703098",
                "columnName": "deal_uri",
                "rdfLiteralType": null,
                "userSemanticTypes": [
                    {
                        "hNodeId": "HN703098",
                        "domain": {
                            "uri": "http://www.semanticweb.org/asu/8coupons-deals-data#Deal"
                        },
                        "type": {
                            "uri": "http://isi.edu/integration/karma/dev#classLink"
                        },
                        "origin": "User",
                        "confidenceScore": 1.0
                    }
                ],
                "learnedSemanticTypes": null,
                "modelIds": null
            },
            {
                "id": "http://www.semanticweb.org/asu/8coupons-deals-data#DealHomepage1",
                "label": {
                    "uri": "http://www.semanticweb.org/asu/8coupons-deals-data#DealHomepage"
                },
                "type": "InternalNode",
                "modelIds": null
            },
            {
                "id": "http://www.semanticweb.org/asu/8coupons-deals-data#DealInStore1",
                "label": {
                    "uri": "http://www.semanticweb.org/asu/8coupons-deals-data#DealInStore"
                },
                "type": "InternalNode",
                "modelIds": null
            },
            {
                "id": "http://www.semanticweb.org/asu/8coupons-deals-data#DealOriginalPrice1",
                "label": {
                    "uri": "http://www.semanticweb.org/asu/8coupons-deals-data#DealOriginalPrice"
                },
                "type": "InternalNode",
                "modelIds": null
            },
            {
                "id": "http://www.semanticweb.org/asu/8coupons-deals-data#DealProvider1",
                "label": {
                    "uri": "http://www.semanticweb.org/asu/8coupons-deals-data#DealProvider"
                },
                "type": "InternalNode",
                "modelIds": null
            },
            {
                "id": "http://www.semanticweb.org/asu/8coupons-deals-data#DealTitle1",
                "label": {
                    "uri": "http://www.semanticweb.org/asu/8coupons-deals-data#DealTitle"
                },
                "type": "InternalNode",
                "modelIds": null
            },
            {
                "id": "http://www.semanticweb.org/asu/8coupons-deals-data#DealDiscount1",
                "label": {
                    "uri": "http://www.semanticweb.org/asu/8coupons-deals-data#DealDiscount"
                },
                "type": "InternalNode",
                "modelIds": null
            },
            {
                "id": "http://www.semanticweb.org/asu/8coupons-deals-data#DealExpiry1",
                "label": {
                    "uri": "http://www.semanticweb.org/asu/8coupons-deals-data#DealExpiry"
                },
                "type": "InternalNode",
                "modelIds": null
            },
            {
                "id": "http://www.semanticweb.org/asu/8coupons-deals-data#DealImageStandardSmall1",
                "label": {
                    "uri": "http://www.semanticweb.org/asu/8coupons-deals-data#DealImageStandardSmall"
                },
                "type": "InternalNode",
                "modelIds": null
            },
            {
                "id": "http://www.semanticweb.org/asu/8coupons-deals-data#DealInfo1",
                "label": {
                    "uri": "http://www.semanticweb.org/asu/8coupons-deals-data#DealInfo"
                },
                "type": "InternalNode",
                "modelIds": null
            },
            {
                "id": "http://www.semanticweb.org/asu/8coupons-deals-data#DealPrice1",
                "label": {
                    "uri": "http://www.semanticweb.org/asu/8coupons-deals-data#DealPrice"
                },
                "type": "InternalNode",
                "modelIds": null
            },
            {
                "id": "http://www.semanticweb.org/asu/8coupons-deals-data#DealSavings1",
                "label": {
                    "uri": "http://www.semanticweb.org/asu/8coupons-deals-data#DealSavings"
                },
                "type": "InternalNode",
                "modelIds": null
            },
            {
                "id": "HN700208",
                "label": {
                    "uri": "HN700208"
                },
                "type": "ColumnNode",
                "hNodeId": "HN700208",
                "columnName": "id",
                "rdfLiteralType": null,
                "userSemanticTypes": [
                    {
                        "hNodeId": "HN700208",
                        "domain": {
                            "uri": "http://www.semanticweb.org/asu/8coupons-deals-data#Deal"
                        },
                        "type": {
                            "uri": "http://www.w3.org/2000/01/rdf-schema#label"
                        },
                        "origin": "User",
                        "confidenceScore": 1.0
                    }
                ],
                "learnedSemanticTypes": null,
                "modelIds": null
            },
            {
                "id": "HN700227",
                "label": {
                    "uri": "HN700227"
                },
                "type": "ColumnNode",
                "hNodeId": "HN700227",
                "columnName": "dealdiscount",
                "rdfLiteralType": null,
                "userSemanticTypes": [
                    {
                        "hNodeId": "HN700227",
                        "domain": {
                            "uri": "http://www.semanticweb.org/asu/8coupons-deals-data#DealDiscount"
                        },
                        "type": {
                            "uri": "http://www.w3.org/2000/01/rdf-schema#label"
                        },
                        "origin": "User",
                        "confidenceScore": 1.0
                    }
                ],
                "learnedSemanticTypes": null,
                "modelIds": null
            },
            {
                "id": "HN700218",
                "label": {
                    "uri": "HN700218"
                },
                "type": "ColumnNode",
                "hNodeId": "HN700218",
                "columnName": "expiry",
                "rdfLiteralType": null,
                "userSemanticTypes": [
                    {
                        "hNodeId": "HN700218",
                        "domain": {
                            "uri": "http://www.semanticweb.org/asu/8coupons-deals-data#DealExpiry"
                        },
                        "type": {
                            "uri": "http://www.w3.org/2000/01/rdf-schema#label"
                        },
                        "origin": "User",
                        "confidenceScore": 1.0
                    }
                ],
                "learnedSemanticTypes": null,
                "modelIds": null
            },
            {
                "id": "HN700209",
                "label": {
                    "uri": "HN700209"
                },
                "type": "ColumnNode",
                "hNodeId": "HN700209",
                "columnName": "url",
                "rdfLiteralType": null,
                "userSemanticTypes": [
                    {
                        "hNodeId": "HN700209",
                        "domain": {
                            "uri": "http://www.semanticweb.org/asu/8coupons-deals-data#DealHomepage"
                        },
                        "type": {
                            "uri": "http://www.w3.org/2000/01/rdf-schema#label"
                        },
                        "origin": "User",
                        "confidenceScore": 1.0
                    }
                ],
                "learnedSemanticTypes": null,
                "modelIds": null
            },
            {
                "id": "HN700234",
                "label": {
                    "uri": "HN700234"
                },
                "type": "ColumnNode",
                "hNodeId": "HN700234",
                "columnName": "showimagestandardsmall",
                "rdfLiteralType": null,
                "userSemanticTypes": [
                    {
                        "hNodeId": "HN700234",
                        "domain": {
                            "uri": "http://www.semanticweb.org/asu/8coupons-deals-data#DealImageStandardSmall"
                        },
                        "type": {
                            "uri": "http://www.w3.org/2000/01/rdf-schema#label"
                        },
                        "origin": "User",
                        "confidenceScore": 1.0
                    }
                ],
                "learnedSemanticTypes": null,
                "modelIds": null
            },
            {
                "id": "HN700230",
                "label": {
                    "uri": "HN700230"
                },
                "type": "ColumnNode",
                "hNodeId": "HN700230",
                "columnName": "dealsinstore",
                "rdfLiteralType": null,
                "userSemanticTypes": [
                    {
                        "hNodeId": "HN700230",
                        "domain": {
                            "uri": "http://www.semanticweb.org/asu/8coupons-deals-data#DealInStore"
                        },
                        "type": {
                            "uri": "http://www.w3.org/2000/01/rdf-schema#label"
                        },
                        "origin": "User",
                        "confidenceScore": 1.0
                    }
                ],
                "learnedSemanticTypes": null,
                "modelIds": null
            },
            {
                "id": "HN700224",
                "label": {
                    "uri": "HN700224"
                },
                "type": "ColumnNode",
                "hNodeId": "HN700224",
                "columnName": "dealinfo",
                "rdfLiteralType": null,
                "userSemanticTypes": [
                    {
                        "hNodeId": "HN700224",
                        "domain": {
                            "uri": "http://www.semanticweb.org/asu/8coupons-deals-data#DealInfo"
                        },
                        "type": {
                            "uri": "http://www.w3.org/2000/01/rdf-schema#label"
                        },
                        "origin": "User",
                        "confidenceScore": 1.0
                    }
                ],
                "learnedSemanticTypes": null,
                "modelIds": null
            },
            {
                "id": "HN700225",
                "label": {
                    "uri": "HN700225"
                },
                "type": "ColumnNode",
                "hNodeId": "HN700225",
                "columnName": "dealoriginalprice",
                "rdfLiteralType": null,
                "userSemanticTypes": [
                    {
                        "hNodeId": "HN700225",
                        "domain": {
                            "uri": "http://www.semanticweb.org/asu/8coupons-deals-data#DealOriginalPrice"
                        },
                        "type": {
                            "uri": "http://www.w3.org/2000/01/rdf-schema#label"
                        },
                        "origin": "User",
                        "confidenceScore": 1.0
                    }
                ],
                "learnedSemanticTypes": null,
                "modelIds": null
            },
            {
                "id": "HN700226",
                "label": {
                    "uri": "HN700226"
                },
                "type": "ColumnNode",
                "hNodeId": "HN700226",
                "columnName": "dealprice",
                "rdfLiteralType": null,
                "userSemanticTypes": [
                    {
                        "hNodeId": "HN700226",
                        "domain": {
                            "uri": "http://www.semanticweb.org/asu/8coupons-deals-data#DealPrice"
                        },
                        "type": {
                            "uri": "http://www.w3.org/2000/01/rdf-schema#label"
                        },
                        "origin": "User",
                        "confidenceScore": 1.0
                    }
                ],
                "learnedSemanticTypes": null,
                "modelIds": null
            },
            {
                "id": "HN700220",
                "label": {
                    "uri": "HN700220"
                },
                "type": "ColumnNode",
                "hNodeId": "HN700220",
                "columnName": "provider",
                "rdfLiteralType": null,
                "userSemanticTypes": [
                    {
                        "hNodeId": "HN700220",
                        "domain": {
                            "uri": "http://www.semanticweb.org/asu/8coupons-deals-data#DealProvider"
                        },
                        "type": {
                            "uri": "http://www.w3.org/2000/01/rdf-schema#label"
                        },
                        "origin": "User",
                        "confidenceScore": 1.0
                    }
                ],
                "learnedSemanticTypes": null,
                "modelIds": null
            },
            {
                "id": "HN700228",
                "label": {
                    "uri": "HN700228"
                },
                "type": "ColumnNode",
                "hNodeId": "HN700228",
                "columnName": "dealsavings",
                "rdfLiteralType": null,
                "userSemanticTypes": [
                    {
                        "hNodeId": "HN700228",
                        "domain": {
                            "uri": "http://www.semanticweb.org/asu/8coupons-deals-data#DealSavings"
                        },
                        "type": {
                            "uri": "http://www.w3.org/2000/01/rdf-schema#label"
                        },
                        "origin": "User",
                        "confidenceScore": 1.0
                    }
                ],
                "learnedSemanticTypes": null,
                "modelIds": null
            },
            {
                "id": "HN700223",
                "label": {
                    "uri": "HN700223"
                },
                "type": "ColumnNode",
                "hNodeId": "HN700223",
                "columnName": "dealtitle",
                "rdfLiteralType": null,
                "userSemanticTypes": [
                    {
                        "hNodeId": "HN700223",
                        "domain": {
                            "uri": "http://www.semanticweb.org/asu/8coupons-deals-data#DealTitle"
                        },
                        "type": {
                            "uri": "http://www.w3.org/2000/01/rdf-schema#label"
                        },
                        "origin": "User",
                        "confidenceScore": 1.0
                    }
                ],
                "learnedSemanticTypes": null,
                "modelIds": null
            },
            {
                "id": "http://www.semanticweb.org/asu/8coupons-deals-data#Restaurant1",
                "label": {
                    "uri": "http://www.semanticweb.org/asu/8coupons-deals-data#Restaurant"
                },
                "type": "InternalNode",
                "modelIds": null
            },
            {
                "id": "HN703204",
                "label": {
                    "uri": "HN703204"
                },
                "type": "ColumnNode",
                "hNodeId": "HN703204",
                "columnName": "rest_id",
                "rdfLiteralType": null,
                "userSemanticTypes": [
                    {
                        "hNodeId": "HN703204",
                        "domain": {
                            "uri": "http://www.semanticweb.org/asu/8coupons-deals-data#Restaurant"
                        },
                        "type": {
                            "uri": "http://isi.edu/integration/karma/dev#classLink"
                        },
                        "origin": "User",
                        "confidenceScore": 1.0
                    }
                ],
                "learnedSemanticTypes": null,
                "modelIds": null
            },
            {
                "id": "HN700210",
                "label": {
                    "uri": "HN700210"
                },
                "type": "ColumnNode",
                "hNodeId": "HN700210",
                "columnName": "name",
                "rdfLiteralType": null,
                "userSemanticTypes": [
                    {
                        "hNodeId": "HN700210",
                        "domain": {
                            "uri": "http://www.semanticweb.org/asu/8coupons-deals-data#Restaurant"
                        },
                        "type": {
                            "uri": "http://www.w3.org/2000/01/rdf-schema#label"
                        },
                        "origin": "User",
                        "confidenceScore": 1.0
                    }
                ],
                "learnedSemanticTypes": null,
                "modelIds": null
            }
        ],
        "links": [
            {
                "id": "http://www.semanticweb.org/asu/8coupons-deals-data#Deal1---http://isi.edu/integration/karma/dev#classLink---HN703098",
                "weight": 0.01,
                "type": "ClassInstanceLink",
                "label": {
                    "uri": "http://isi.edu/integration/karma/dev#classLink"
                },
                "status": "ForcedByUser",
                "keyInfo": "UriOfInstance",
                "modelIds": null
            },
            {
                "id": "http://www.semanticweb.org/asu/8coupons-deals-data#Deal1---http://www.semanticweb.org/asu/8coupons-deals-data#hasDHomePage---http://www.semanticweb.org/asu/8coupons-deals-data#DealHomepage1",
                "weight": 0.01,
                "type": "ObjectPropertyLink",
                "label": {
                    "uri": "http://www.semanticweb.org/asu/8coupons-deals-data#hasDHomePage"
                },
                "objectPropertyType": "Direct",
                "status": "ForcedByUser",
                "keyInfo": "None",
                "modelIds": null
            },
            {
                "id": "http://www.semanticweb.org/asu/8coupons-deals-data#Deal1---http://www.semanticweb.org/asu/8coupons-deals-data#hasDInStore---http://www.semanticweb.org/asu/8coupons-deals-data#DealInStore1",
                "weight": 0.01,
                "type": "ObjectPropertyLink",
                "label": {
                    "uri": "http://www.semanticweb.org/asu/8coupons-deals-data#hasDInStore"
                },
                "objectPropertyType": "Direct",
                "status": "ForcedByUser",
                "keyInfo": "None",
                "modelIds": null
            },
            {
                "id": "http://www.semanticweb.org/asu/8coupons-deals-data#Deal1---http://www.semanticweb.org/asu/8coupons-deals-data#hasDOriginalPrice---http://www.semanticweb.org/asu/8coupons-deals-data#DealOriginalPrice1",
                "weight": 0.01,
                "type": "ObjectPropertyLink",
                "label": {
                    "uri": "http://www.semanticweb.org/asu/8coupons-deals-data#hasDOriginalPrice"
                },
                "objectPropertyType": "Direct",
                "status": "ForcedByUser",
                "keyInfo": "None",
                "modelIds": null
            },
            {
                "id": "http://www.semanticweb.org/asu/8coupons-deals-data#Deal1---http://www.semanticweb.org/asu/8coupons-deals-data#hasDProvider---http://www.semanticweb.org/asu/8coupons-deals-data#DealProvider1",
                "weight": 0.01,
                "type": "ObjectPropertyLink",
                "label": {
                    "uri": "http://www.semanticweb.org/asu/8coupons-deals-data#hasDProvider"
                },
                "objectPropertyType": "Direct",
                "status": "ForcedByUser",
                "keyInfo": "None",
                "modelIds": null
            },
            {
                "id": "http://www.semanticweb.org/asu/8coupons-deals-data#Deal1---http://www.semanticweb.org/asu/8coupons-deals-data#hasDTitle---http://www.semanticweb.org/asu/8coupons-deals-data#DealTitle1",
                "weight": 0.01,
                "type": "ObjectPropertyLink",
                "label": {
                    "uri": "http://www.semanticweb.org/asu/8coupons-deals-data#hasDTitle"
                },
                "objectPropertyType": "Direct",
                "status": "ForcedByUser",
                "keyInfo": "None",
                "modelIds": null
            },
            {
                "id": "http://www.semanticweb.org/asu/8coupons-deals-data#Deal1---http://www.semanticweb.org/asu/8coupons-deals-data#hasDiscount---http://www.semanticweb.org/asu/8coupons-deals-data#DealDiscount1",
                "weight": 0.01,
                "type": "ObjectPropertyLink",
                "label": {
                    "uri": "http://www.semanticweb.org/asu/8coupons-deals-data#hasDiscount"
                },
                "objectPropertyType": "Direct",
                "status": "ForcedByUser",
                "keyInfo": "None",
                "modelIds": null
            },
            {
                "id": "http://www.semanticweb.org/asu/8coupons-deals-data#Deal1---http://www.semanticweb.org/asu/8coupons-deals-data#hasExpiry---http://www.semanticweb.org/asu/8coupons-deals-data#DealExpiry1",
                "weight": 0.01,
                "type": "ObjectPropertyLink",
                "label": {
                    "uri": "http://www.semanticweb.org/asu/8coupons-deals-data#hasExpiry"
                },
                "objectPropertyType": "Direct",
                "status": "ForcedByUser",
                "keyInfo": "None",
                "modelIds": null
            },
            {
                "id": "http://www.semanticweb.org/asu/8coupons-deals-data#Deal1---http://www.semanticweb.org/asu/8coupons-deals-data#hasImageStandardSmall---http://www.semanticweb.org/asu/8coupons-deals-data#DealImageStandardSmall1",
                "weight": 0.01,
                "type": "ObjectPropertyLink",
                "label": {
                    "uri": "http://www.semanticweb.org/asu/8coupons-deals-data#hasImageStandardSmall"
                },
                "objectPropertyType": "Direct",
                "status": "ForcedByUser",
                "keyInfo": "None",
                "modelIds": null
            },
            {
                "id": "http://www.semanticweb.org/asu/8coupons-deals-data#Deal1---http://www.semanticweb.org/asu/8coupons-deals-data#hasInfo---http://www.semanticweb.org/asu/8coupons-deals-data#DealInfo1",
                "weight": 0.01,
                "type": "ObjectPropertyLink",
                "label": {
                    "uri": "http://www.semanticweb.org/asu/8coupons-deals-data#hasInfo"
                },
                "objectPropertyType": "Direct",
                "status": "ForcedByUser",
                "keyInfo": "None",
                "modelIds": null
            },
            {
                "id": "http://www.semanticweb.org/asu/8coupons-deals-data#Deal1---http://www.semanticweb.org/asu/8coupons-deals-data#hasPrice---http://www.semanticweb.org/asu/8coupons-deals-data#DealPrice1",
                "weight": 0.01,
                "type": "ObjectPropertyLink",
                "label": {
                    "uri": "http://www.semanticweb.org/asu/8coupons-deals-data#hasPrice"
                },
                "objectPropertyType": "Direct",
                "status": "ForcedByUser",
                "keyInfo": "None",
                "modelIds": null
            },
            {
                "id": "http://www.semanticweb.org/asu/8coupons-deals-data#Deal1---http://www.semanticweb.org/asu/8coupons-deals-data#hasSavings---http://www.semanticweb.org/asu/8coupons-deals-data#DealSavings1",
                "weight": 0.01,
                "type": "ObjectPropertyLink",
                "label": {
                    "uri": "http://www.semanticweb.org/asu/8coupons-deals-data#hasSavings"
                },
                "objectPropertyType": "Direct",
                "status": "ForcedByUser",
                "keyInfo": "None",
                "modelIds": null
            },
            {
                "id": "http://www.semanticweb.org/asu/8coupons-deals-data#Deal1---http://www.w3.org/2000/01/rdf-schema#label---HN700208",
                "weight": 0.01,
                "type": "DataPropertyLink",
                "label": {
                    "uri": "http://www.w3.org/2000/01/rdf-schema#label"
                },
                "status": "ForcedByUser",
                "keyInfo": "None",
                "modelIds": null
            },
            {
                "id": "http://www.semanticweb.org/asu/8coupons-deals-data#DealDiscount1---http://www.w3.org/2000/01/rdf-schema#label---HN700227",
                "weight": 0.01,
                "type": "DataPropertyLink",
                "label": {
                    "uri": "http://www.w3.org/2000/01/rdf-schema#label"
                },
                "status": "ForcedByUser",
                "keyInfo": "None",
                "modelIds": null
            },
            {
                "id": "http://www.semanticweb.org/asu/8coupons-deals-data#DealExpiry1---http://www.w3.org/2000/01/rdf-schema#label---HN700218",
                "weight": 0.01,
                "type": "DataPropertyLink",
                "label": {
                    "uri": "http://www.w3.org/2000/01/rdf-schema#label"
                },
                "status": "ForcedByUser",
                "keyInfo": "None",
                "modelIds": null
            },
            {
                "id": "http://www.semanticweb.org/asu/8coupons-deals-data#DealHomepage1---http://www.w3.org/2000/01/rdf-schema#label---HN700209",
                "weight": 0.01,
                "type": "DataPropertyLink",
                "label": {
                    "uri": "http://www.w3.org/2000/01/rdf-schema#label"
                },
                "status": "ForcedByUser",
                "keyInfo": "None",
                "modelIds": null
            },
            {
                "id": "http://www.semanticweb.org/asu/8coupons-deals-data#DealImageStandardSmall1---http://www.w3.org/2000/01/rdf-schema#label---HN700234",
                "weight": 0.01,
                "type": "DataPropertyLink",
                "label": {
                    "uri": "http://www.w3.org/2000/01/rdf-schema#label"
                },
                "status": "ForcedByUser",
                "keyInfo": "None",
                "modelIds": null
            },
            {
                "id": "http://www.semanticweb.org/asu/8coupons-deals-data#DealInStore1---http://www.w3.org/2000/01/rdf-schema#label---HN700230",
                "weight": 0.01,
                "type": "DataPropertyLink",
                "label": {
                    "uri": "http://www.w3.org/2000/01/rdf-schema#label"
                },
                "status": "ForcedByUser",
                "keyInfo": "None",
                "modelIds": null
            },
            {
                "id": "http://www.semanticweb.org/asu/8coupons-deals-data#DealInfo1---http://www.w3.org/2000/01/rdf-schema#label---HN700224",
                "weight": 0.01,
                "type": "DataPropertyLink",
                "label": {
                    "uri": "http://www.w3.org/2000/01/rdf-schema#label"
                },
                "status": "ForcedByUser",
                "keyInfo": "None",
                "modelIds": null
            },
            {
                "id": "http://www.semanticweb.org/asu/8coupons-deals-data#DealOriginalPrice1---http://www.w3.org/2000/01/rdf-schema#label---HN700225",
                "weight": 0.01,
                "type": "DataPropertyLink",
                "label": {
                    "uri": "http://www.w3.org/2000/01/rdf-schema#label"
                },
                "status": "ForcedByUser",
                "keyInfo": "None",
                "modelIds": null
            },
            {
                "id": "http://www.semanticweb.org/asu/8coupons-deals-data#DealPrice1---http://www.w3.org/2000/01/rdf-schema#label---HN700226",
                "weight": 0.01,
                "type": "DataPropertyLink",
                "label": {
                    "uri": "http://www.w3.org/2000/01/rdf-schema#label"
                },
                "status": "ForcedByUser",
                "keyInfo": "None",
                "modelIds": null
            },
            {
                "id": "http://www.semanticweb.org/asu/8coupons-deals-data#DealProvider1---http://www.w3.org/2000/01/rdf-schema#label---HN700220",
                "weight": 0.01,
                "type": "DataPropertyLink",
                "label": {
                    "uri": "http://www.w3.org/2000/01/rdf-schema#label"
                },
                "status": "ForcedByUser",
                "keyInfo": "None",
                "modelIds": null
            },
            {
                "id": "http://www.semanticweb.org/asu/8coupons-deals-data#DealSavings1---http://www.w3.org/2000/01/rdf-schema#label---HN700228",
                "weight": 0.01,
                "type": "DataPropertyLink",
                "label": {
                    "uri": "http://www.w3.org/2000/01/rdf-schema#label"
                },
                "status": "ForcedByUser",
                "keyInfo": "None",
                "modelIds": null
            },
            {
                "id": "http://www.semanticweb.org/asu/8coupons-deals-data#DealTitle1---http://www.w3.org/2000/01/rdf-schema#label---HN700223",
                "weight": 0.01,
                "type": "DataPropertyLink",
                "label": {
                    "uri": "http://www.w3.org/2000/01/rdf-schema#label"
                },
                "status": "ForcedByUser",
                "keyInfo": "None",
                "modelIds": null
            },
            {
                "id": "http://www.semanticweb.org/asu/8coupons-deals-data#Restaurant1---http://isi.edu/integration/karma/dev#classLink---HN703204",
                "weight": 0.01,
                "type": "ClassInstanceLink",
                "label": {
                    "uri": "http://isi.edu/integration/karma/dev#classLink"
                },
                "status": "ForcedByUser",
                "keyInfo": "UriOfInstance",
                "modelIds": null
            },
            {
                "id": "http://www.semanticweb.org/asu/8coupons-deals-data#Restaurant1---http://www.semanticweb.org/asu/8coupons-deals-data#hasDeal---http://www.semanticweb.org/asu/8coupons-deals-data#Deal1",
                "weight": 0.01,
                "type": "ObjectPropertyLink",
                "label": {
                    "uri": "http://www.semanticweb.org/asu/8coupons-deals-data#hasDeal"
                },
                "objectPropertyType": "Direct",
                "status": "ForcedByUser",
                "keyInfo": "None",
                "modelIds": null
            },
            {
                "id": "http://www.semanticweb.org/asu/8coupons-deals-data#Restaurant1---http://www.w3.org/2000/01/rdf-schema#label---HN700210",
                "weight": 0.01,
                "type": "DataPropertyLink",
                "label": {
                    "uri": "http://www.w3.org/2000/01/rdf-schema#label"
                },
                "status": "ForcedByUser",
                "keyInfo": "None",
                "modelIds": null
            },
            {
                "id": "http://www.semanticweb.org/asu/8coupons-deals-data#Deal1---http://www.semanticweb.org/asu/8coupons-deals-data#belongsTo---http://www.semanticweb.org/asu/8coupons-deals-data#Restaurant1",
                "weight": 0.01,
                "type": "ObjectPropertyLink",
                "label": {
                    "uri": "http://www.semanticweb.org/asu/8coupons-deals-data#belongsTo"
                },
                "objectPropertyType": "Direct",
                "status": "ForcedByUser",
                "keyInfo": "None",
                "modelIds": null
            }
        ]
    }
}