{
    "id": "inspections_plus.csv",
    "name": "inspections_plus.csv",
    "description": null,
    "sourceColumns": [
        {
            "id": "HN478249",
            "hNodeId": "HN478249",
            "columnName": "date"
        },
        {
            "id": "HN478248",
            "hNodeId": "HN478248",
            "columnName": "Score"
        },
        {
            "id": "HN478250",
            "hNodeId": "HN478250",
            "columnName": "type"
        },
        {
            "id": "HN627990",
            "hNodeId": "HN627990",
            "columnName": "business_uri_id"
        },
        {
            "id": "HN478247",
            "hNodeId": "HN478247",
            "columnName": "business_id"
        }
    ],
    "mappingToSourceColumns": [
        {
            "id": "HN478248",
            "sourceColumnId": "HN478248"
        },
        {
            "id": "HN627990",
            "sourceColumnId": "HN627990"
        },
        {
            "id": "HN478247",
            "sourceColumnId": "HN478247"
        },
        {
            "id": "HN478250",
            "sourceColumnId": "HN478250"
        },
        {
            "id": "HN478249",
            "sourceColumnId": "HN478249"
        }
    ],
    "graph": {
        "nodes": [
            {
                "id": "http://www.semanticweb.org/asu/health-inspection-data#InspectionDate1",
                "label": {
                    "uri": "http://www.semanticweb.org/asu/health-inspection-data#InspectionDate"
                },
                "type": "InternalNode",
                "modelIds": null
            },
            {
                "id": "HN478249",
                "label": {
                    "uri": "HN478249"
                },
                "type": "ColumnNode",
                "hNodeId": "HN478249",
                "columnName": "date",
                "rdfLiteralType": null,
                "userSemanticTypes": [
                    {
                        "hNodeId": "HN478249",
                        "domain": {
                            "uri": "http://www.semanticweb.org/asu/health-inspection-data#InspectionDate"
                        },
                        "type": {
                            "uri": "http://www.w3.org/2000/01/rdf-schema#label"
                        },
                        "origin": "User",
                        "confidenceScore": 1.0
                    }
                ],
                "learnedSemanticTypes": null,
                "modelIds": null
            },
            {
                "id": "http://www.semanticweb.org/asu/health-inspection-data#InspectionHealthScore1",
                "label": {
                    "uri": "http://www.semanticweb.org/asu/health-inspection-data#InspectionHealthScore"
                },
                "type": "InternalNode",
                "modelIds": null
            },
            {
                "id": "HN478248",
                "label": {
                    "uri": "HN478248"
                },
                "type": "ColumnNode",
                "hNodeId": "HN478248",
                "columnName": "Score",
                "rdfLiteralType": null,
                "userSemanticTypes": [
                    {
                        "hNodeId": "HN478248",
                        "domain": {
                            "uri": "http://www.semanticweb.org/asu/health-inspection-data#InspectionHealthScore"
                        },
                        "type": {
                            "uri": "http://www.w3.org/2000/01/rdf-schema#label"
                        },
                        "origin": "User",
                        "confidenceScore": 1.0
                    }
                ],
                "learnedSemanticTypes": null,
                "modelIds": null
            },
            {
                "id": "http://www.semanticweb.org/asu/health-inspection-data#InspectionType1",
                "label": {
                    "uri": "http://www.semanticweb.org/asu/health-inspection-data#InspectionType"
                },
                "type": "InternalNode",
                "modelIds": null
            },
            {
                "id": "HN478250",
                "label": {
                    "uri": "HN478250"
                },
                "type": "ColumnNode",
                "hNodeId": "HN478250",
                "columnName": "type",
                "rdfLiteralType": null,
                "userSemanticTypes": [
                    {
                        "hNodeId": "HN478250",
                        "domain": {
                            "uri": "http://www.semanticweb.org/asu/health-inspection-data#InspectionType"
                        },
                        "type": {
                            "uri": "http://www.w3.org/2000/01/rdf-schema#label"
                        },
                        "origin": "User",
                        "confidenceScore": 1.0
                    }
                ],
                "learnedSemanticTypes": null,
                "modelIds": null
            },
            {
                "id": "http://www.semanticweb.org/asu/health-inspection-data#Restaurant1",
                "label": {
                    "uri": "http://www.semanticweb.org/asu/health-inspection-data#Restaurant"
                },
                "type": "InternalNode",
                "modelIds": null
            },
            {
                "id": "HN627990",
                "label": {
                    "uri": "HN627990"
                },
                "type": "ColumnNode",
                "hNodeId": "HN627990",
                "columnName": "business_uri_id",
                "rdfLiteralType": null,
                "userSemanticTypes": [
                    {
                        "hNodeId": "HN627990",
                        "domain": {
                            "uri": "http://www.semanticweb.org/asu/health-inspection-data#Restaurant"
                        },
                        "type": {
                            "uri": "http://isi.edu/integration/karma/dev#classLink"
                        },
                        "origin": "User",
                        "confidenceScore": 1.0
                    }
                ],
                "learnedSemanticTypes": null,
                "modelIds": null
            },
            {
                "id": "HN478247",
                "label": {
                    "uri": "HN478247"
                },
                "type": "ColumnNode",
                "hNodeId": "HN478247",
                "columnName": "business_id",
                "rdfLiteralType": null,
                "userSemanticTypes": [
                    {
                        "hNodeId": "HN478247",
                        "domain": {
                            "uri": "http://www.semanticweb.org/asu/health-inspection-data#Restaurant"
                        },
                        "type": {
                            "uri": "http://www.w3.org/2000/01/rdf-schema#label"
                        },
                        "origin": "User",
                        "confidenceScore": 1.0
                    }
                ],
                "learnedSemanticTypes": null,
                "modelIds": null
            }
        ],
        "links": [
            {
                "id": "http://www.semanticweb.org/asu/health-inspection-data#InspectionDate1---http://www.w3.org/2000/01/rdf-schema#label---HN478249",
                "weight": 0.01,
                "type": "DataPropertyLink",
                "label": {
                    "uri": "http://www.w3.org/2000/01/rdf-schema#label"
                },
                "status": "ForcedByUser",
                "keyInfo": "None",
                "modelIds": null
            },
            {
                "id": "http://www.semanticweb.org/asu/health-inspection-data#InspectionHealthScore1---http://www.w3.org/2000/01/rdf-schema#label---HN478248",
                "weight": 0.01,
                "type": "DataPropertyLink",
                "label": {
                    "uri": "http://www.w3.org/2000/01/rdf-schema#label"
                },
                "status": "ForcedByUser",
                "keyInfo": "None",
                "modelIds": null
            },
            {
                "id": "http://www.semanticweb.org/asu/health-inspection-data#InspectionType1---http://www.w3.org/2000/01/rdf-schema#label---HN478250",
                "weight": 0.01,
                "type": "DataPropertyLink",
                "label": {
                    "uri": "http://www.w3.org/2000/01/rdf-schema#label"
                },
                "status": "ForcedByUser",
                "keyInfo": "None",
                "modelIds": null
            },
            {
                "id": "http://www.semanticweb.org/asu/health-inspection-data#Restaurant1---http://isi.edu/integration/karma/dev#classLink---HN627990",
                "weight": 0.01,
                "type": "ClassInstanceLink",
                "label": {
                    "uri": "http://isi.edu/integration/karma/dev#classLink"
                },
                "status": "ForcedByUser",
                "keyInfo": "UriOfInstance",
                "modelIds": null
            },
            {
                "id": "http://www.semanticweb.org/asu/health-inspection-data#Restaurant1---http://www.semanticweb.org/asu/health-inspection-data#hasInspectionDated---http://www.semanticweb.org/asu/health-inspection-data#InspectionDate1",
                "weight": 0.01,
                "type": "ObjectPropertyLink",
                "label": {
                    "uri": "http://www.semanticweb.org/asu/health-inspection-data#hasInspectionDated"
                },
                "objectPropertyType": "Direct",
                "status": "ForcedByUser",
                "keyInfo": "None",
                "modelIds": null
            },
            {
                "id": "http://www.semanticweb.org/asu/health-inspection-data#Restaurant1---http://www.semanticweb.org/asu/health-inspection-data#hasInspectionScore---http://www.semanticweb.org/asu/health-inspection-data#InspectionHealthScore1",
                "weight": 0.01,
                "type": "ObjectPropertyLink",
                "label": {
                    "uri": "http://www.semanticweb.org/asu/health-inspection-data#hasInspectionScore"
                },
                "objectPropertyType": "Direct",
                "status": "ForcedByUser",
                "keyInfo": "None",
                "modelIds": null
            },
            {
                "id": "http://www.semanticweb.org/asu/health-inspection-data#Restaurant1---http://www.semanticweb.org/asu/health-inspection-data#hasInspectionTypeOf---http://www.semanticweb.org/asu/health-inspection-data#InspectionType1",
                "weight": 0.01,
                "type": "ObjectPropertyLink",
                "label": {
                    "uri": "http://www.semanticweb.org/asu/health-inspection-data#hasInspectionTypeOf"
                },
                "objectPropertyType": "Direct",
                "status": "ForcedByUser",
                "keyInfo": "None",
                "modelIds": null
            },
            {
                "id": "http://www.semanticweb.org/asu/health-inspection-data#Restaurant1---http://www.w3.org/2000/01/rdf-schema#label---HN478247",
                "weight": 0.01,
                "type": "DataPropertyLink",
                "label": {
                    "uri": "http://www.w3.org/2000/01/rdf-schema#label"
                },
                "status": "ForcedByUser",
                "keyInfo": "None",
                "modelIds": null
            }
        ]
    }
}