{
    "id": "Ratings.csv",
    "name": "Ratings.csv",
    "description": null,
    "sourceColumns": [
        {
            "id": "HN542098",
            "hNodeId": "HN542098",
            "columnName": "rest_name_uri"
        },
        {
            "id": "HN469132",
            "hNodeId": "HN469132",
            "columnName": "name"
        },
        {
            "id": "HN469140",
            "hNodeId": "HN469140",
            "columnName": "display_address"
        },
        {
            "id": "HN469144",
            "hNodeId": "HN469144",
            "columnName": "categories"
        },
        {
            "id": "HN469134",
            "hNodeId": "HN469134",
            "columnName": "image_url"
        },
        {
            "id": "HN469138",
            "hNodeId": "HN469138",
            "columnName": "display_phone"
        },
        {
            "id": "HN469135",
            "hNodeId": "HN469135",
            "columnName": "url"
        },
        {
            "id": "HN469143",
            "hNodeId": "HN469143",
            "columnName": "review_count"
        },
        {
            "id": "HN469145",
            "hNodeId": "HN469145",
            "columnName": "rating"
        },
        {
            "id": "HN469147",
            "hNodeId": "HN469147",
            "columnName": "rating_image_url_small"
        },
        {
            "id": "HN469149",
            "hNodeId": "HN469149",
            "columnName": "snippet_image_url"
        }
    ],
    "mappingToSourceColumns": [
        {
            "id": "HN469132",
            "sourceColumnId": "HN469132"
        },
        {
            "id": "HN469143",
            "sourceColumnId": "HN469143"
        },
        {
            "id": "HN469140",
            "sourceColumnId": "HN469140"
        },
        {
            "id": "HN469135",
            "sourceColumnId": "HN469135"
        },
        {
            "id": "HN469147",
            "sourceColumnId": "HN469147"
        },
        {
            "id": "HN469144",
            "sourceColumnId": "HN469144"
        },
        {
            "id": "HN469134",
            "sourceColumnId": "HN469134"
        },
        {
            "id": "HN469145",
            "sourceColumnId": "HN469145"
        },
        {
            "id": "HN542098",
            "sourceColumnId": "HN542098"
        },
        {
            "id": "HN469138",
            "sourceColumnId": "HN469138"
        },
        {
            "id": "HN469149",
            "sourceColumnId": "HN469149"
        }
    ],
    "graph": {
        "nodes": [
            {
                "id": "http://www.semanticweb.org/asu/yelp-review-data#Restaurant1",
                "label": {
                    "uri": "http://www.semanticweb.org/asu/yelp-review-data#Restaurant"
                },
                "type": "InternalNode",
                "modelIds": null
            },
            {
                "id": "HN542098",
                "label": {
                    "uri": "HN542098"
                },
                "type": "ColumnNode",
                "hNodeId": "HN542098",
                "columnName": "rest_name_uri",
                "rdfLiteralType": null,
                "userSemanticTypes": [
                    {
                        "hNodeId": "HN542098",
                        "domain": {
                            "uri": "http://www.semanticweb.org/asu/yelp-review-data#Restaurant"
                        },
                        "type": {
                            "uri": "http://isi.edu/integration/karma/dev#classLink"
                        },
                        "origin": "User",
                        "confidenceScore": 1.0
                    }
                ],
                "learnedSemanticTypes": null,
                "modelIds": null
            },
            {
                "id": "http://www.semanticweb.org/asu/yelp-review-data#RestaurantAddress1",
                "label": {
                    "uri": "http://www.semanticweb.org/asu/yelp-review-data#RestaurantAddress"
                },
                "type": "InternalNode",
                "modelIds": null
            },
            {
                "id": "http://www.semanticweb.org/asu/yelp-review-data#ReviewCount1",
                "label": {
                    "uri": "http://www.semanticweb.org/asu/yelp-review-data#ReviewCount"
                },
                "type": "InternalNode",
                "modelIds": null
            },
            {
                "id": "http://www.semanticweb.org/asu/yelp-review-data#RestaurantCuisine1",
                "label": {
                    "uri": "http://www.semanticweb.org/asu/yelp-review-data#RestaurantCuisine"
                },
                "type": "InternalNode",
                "modelIds": null
            },
            {
                "id": "http://www.semanticweb.org/asu/yelp-review-data#RestaurantImageUrl1",
                "label": {
                    "uri": "http://www.semanticweb.org/asu/yelp-review-data#RestaurantImageUrl"
                },
                "type": "InternalNode",
                "modelIds": null
            },
            {
                "id": "http://www.semanticweb.org/asu/yelp-review-data#RestaurantPhone1",
                "label": {
                    "uri": "http://www.semanticweb.org/asu/yelp-review-data#RestaurantPhone"
                },
                "type": "InternalNode",
                "modelIds": null
            },
            {
                "id": "http://www.semanticweb.org/asu/yelp-review-data#ReviewRating1",
                "label": {
                    "uri": "http://www.semanticweb.org/asu/yelp-review-data#ReviewRating"
                },
                "type": "InternalNode",
                "modelIds": null
            },
            {
                "id": "http://www.semanticweb.org/asu/yelp-review-data#ReviewRatingImageUrl1",
                "label": {
                    "uri": "http://www.semanticweb.org/asu/yelp-review-data#ReviewRatingImageUrl"
                },
                "type": "InternalNode",
                "modelIds": null
            },
            {
                "id": "http://www.semanticweb.org/asu/yelp-review-data#ReviewSnippetImageUrl1",
                "label": {
                    "uri": "http://www.semanticweb.org/asu/yelp-review-data#ReviewSnippetImageUrl"
                },
                "type": "InternalNode",
                "modelIds": null
            },
            {
                "id": "http://www.semanticweb.org/asu/yelp-review-data#RestaurantUrl1",
                "label": {
                    "uri": "http://www.semanticweb.org/asu/yelp-review-data#RestaurantUrl"
                },
                "type": "InternalNode",
                "modelIds": null
            },
            {
                "id": "HN469132",
                "label": {
                    "uri": "HN469132"
                },
                "type": "ColumnNode",
                "hNodeId": "HN469132",
                "columnName": "name",
                "rdfLiteralType": null,
                "userSemanticTypes": [
                    {
                        "hNodeId": "HN469132",
                        "domain": {
                            "uri": "http://www.semanticweb.org/asu/yelp-review-data#Restaurant"
                        },
                        "type": {
                            "uri": "http://www.w3.org/2000/01/rdf-schema#label"
                        },
                        "origin": "User",
                        "confidenceScore": 1.0
                    }
                ],
                "learnedSemanticTypes": null,
                "modelIds": null
            },
            {
                "id": "HN469140",
                "label": {
                    "uri": "HN469140"
                },
                "type": "ColumnNode",
                "hNodeId": "HN469140",
                "columnName": "display_address",
                "rdfLiteralType": null,
                "userSemanticTypes": [
                    {
                        "hNodeId": "HN469140",
                        "domain": {
                            "uri": "http://www.semanticweb.org/asu/yelp-review-data#RestaurantAddress"
                        },
                        "type": {
                            "uri": "http://www.w3.org/2000/01/rdf-schema#label"
                        },
                        "origin": "User",
                        "confidenceScore": 1.0
                    }
                ],
                "learnedSemanticTypes": null,
                "modelIds": null
            },
            {
                "id": "HN469144",
                "label": {
                    "uri": "HN469144"
                },
                "type": "ColumnNode",
                "hNodeId": "HN469144",
                "columnName": "categories",
                "rdfLiteralType": null,
                "userSemanticTypes": [
                    {
                        "hNodeId": "HN469144",
                        "domain": {
                            "uri": "http://www.semanticweb.org/asu/yelp-review-data#RestaurantCuisine"
                        },
                        "type": {
                            "uri": "http://www.w3.org/2000/01/rdf-schema#label"
                        },
                        "origin": "User",
                        "confidenceScore": 1.0
                    }
                ],
                "learnedSemanticTypes": null,
                "modelIds": null
            },
            {
                "id": "HN469134",
                "label": {
                    "uri": "HN469134"
                },
                "type": "ColumnNode",
                "hNodeId": "HN469134",
                "columnName": "image_url",
                "rdfLiteralType": null,
                "userSemanticTypes": [
                    {
                        "hNodeId": "HN469134",
                        "domain": {
                            "uri": "http://www.semanticweb.org/asu/yelp-review-data#RestaurantImageUrl"
                        },
                        "type": {
                            "uri": "http://www.w3.org/2000/01/rdf-schema#label"
                        },
                        "origin": "User",
                        "confidenceScore": 1.0
                    }
                ],
                "learnedSemanticTypes": null,
                "modelIds": null
            },
            {
                "id": "HN469138",
                "label": {
                    "uri": "HN469138"
                },
                "type": "ColumnNode",
                "hNodeId": "HN469138",
                "columnName": "display_phone",
                "rdfLiteralType": null,
                "userSemanticTypes": [
                    {
                        "hNodeId": "HN469138",
                        "domain": {
                            "uri": "http://www.semanticweb.org/asu/yelp-review-data#RestaurantPhone"
                        },
                        "type": {
                            "uri": "http://www.w3.org/2000/01/rdf-schema#label"
                        },
                        "origin": "User",
                        "confidenceScore": 1.0
                    }
                ],
                "learnedSemanticTypes": null,
                "modelIds": null
            },
            {
                "id": "HN469135",
                "label": {
                    "uri": "HN469135"
                },
                "type": "ColumnNode",
                "hNodeId": "HN469135",
                "columnName": "url",
                "rdfLiteralType": null,
                "userSemanticTypes": [
                    {
                        "hNodeId": "HN469135",
                        "domain": {
                            "uri": "http://www.semanticweb.org/asu/yelp-review-data#RestaurantUrl"
                        },
                        "type": {
                            "uri": "http://www.w3.org/2000/01/rdf-schema#label"
                        },
                        "origin": "User",
                        "confidenceScore": 1.0
                    }
                ],
                "learnedSemanticTypes": null,
                "modelIds": null
            },
            {
                "id": "HN469143",
                "label": {
                    "uri": "HN469143"
                },
                "type": "ColumnNode",
                "hNodeId": "HN469143",
                "columnName": "review_count",
                "rdfLiteralType": null,
                "userSemanticTypes": [
                    {
                        "hNodeId": "HN469143",
                        "domain": {
                            "uri": "http://www.semanticweb.org/asu/yelp-review-data#ReviewCount"
                        },
                        "type": {
                            "uri": "http://www.w3.org/2000/01/rdf-schema#label"
                        },
                        "origin": "User",
                        "confidenceScore": 1.0
                    }
                ],
                "learnedSemanticTypes": null,
                "modelIds": null
            },
            {
                "id": "HN469145",
                "label": {
                    "uri": "HN469145"
                },
                "type": "ColumnNode",
                "hNodeId": "HN469145",
                "columnName": "rating",
                "rdfLiteralType": null,
                "userSemanticTypes": [
                    {
                        "hNodeId": "HN469145",
                        "domain": {
                            "uri": "http://www.semanticweb.org/asu/yelp-review-data#ReviewRating"
                        },
                        "type": {
                            "uri": "http://www.w3.org/2000/01/rdf-schema#label"
                        },
                        "origin": "User",
                        "confidenceScore": 1.0
                    }
                ],
                "learnedSemanticTypes": null,
                "modelIds": null
            },
            {
                "id": "HN469147",
                "label": {
                    "uri": "HN469147"
                },
                "type": "ColumnNode",
                "hNodeId": "HN469147",
                "columnName": "rating_image_url_small",
                "rdfLiteralType": null,
                "userSemanticTypes": [
                    {
                        "hNodeId": "HN469147",
                        "domain": {
                            "uri": "http://www.semanticweb.org/asu/yelp-review-data#ReviewRatingImageUrl"
                        },
                        "type": {
                            "uri": "http://www.w3.org/2000/01/rdf-schema#label"
                        },
                        "origin": "User",
                        "confidenceScore": 1.0
                    }
                ],
                "learnedSemanticTypes": null,
                "modelIds": null
            },
            {
                "id": "HN469149",
                "label": {
                    "uri": "HN469149"
                },
                "type": "ColumnNode",
                "hNodeId": "HN469149",
                "columnName": "snippet_image_url",
                "rdfLiteralType": null,
                "userSemanticTypes": [
                    {
                        "hNodeId": "HN469149",
                        "domain": {
                            "uri": "http://www.semanticweb.org/asu/yelp-review-data#ReviewSnippetImageUrl"
                        },
                        "type": {
                            "uri": "http://www.w3.org/2000/01/rdf-schema#label"
                        },
                        "origin": "User",
                        "confidenceScore": 1.0
                    }
                ],
                "learnedSemanticTypes": null,
                "modelIds": null
            }
        ],
        "links": [
            {
                "id": "http://www.semanticweb.org/asu/yelp-review-data#Restaurant1---http://isi.edu/integration/karma/dev#classLink---HN542098",
                "weight": 0.01,
                "type": "ClassInstanceLink",
                "label": {
                    "uri": "http://isi.edu/integration/karma/dev#classLink"
                },
                "status": "ForcedByUser",
                "keyInfo": "UriOfInstance",
                "modelIds": null
            },
            {
                "id": "http://www.semanticweb.org/asu/yelp-review-data#Restaurant1---http://www.semanticweb.org/asu/yelp-review-data#hasAddress---http://www.semanticweb.org/asu/yelp-review-data#RestaurantAddress1",
                "weight": 0.01,
                "type": "ObjectPropertyLink",
                "label": {
                    "uri": "http://www.semanticweb.org/asu/yelp-review-data#hasAddress"
                },
                "objectPropertyType": "Direct",
                "status": "ForcedByUser",
                "keyInfo": "None",
                "modelIds": null
            },
            {
                "id": "http://www.semanticweb.org/asu/yelp-review-data#Restaurant1---http://www.semanticweb.org/asu/yelp-review-data#hasCount---http://www.semanticweb.org/asu/yelp-review-data#ReviewCount1",
                "weight": 0.01,
                "type": "ObjectPropertyLink",
                "label": {
                    "uri": "http://www.semanticweb.org/asu/yelp-review-data#hasCount"
                },
                "objectPropertyType": "Direct",
                "status": "ForcedByUser",
                "keyInfo": "None",
                "modelIds": null
            },
            {
                "id": "http://www.semanticweb.org/asu/yelp-review-data#Restaurant1---http://www.semanticweb.org/asu/yelp-review-data#hasCuisine---http://www.semanticweb.org/asu/yelp-review-data#RestaurantCuisine1",
                "weight": 0.01,
                "type": "ObjectPropertyLink",
                "label": {
                    "uri": "http://www.semanticweb.org/asu/yelp-review-data#hasCuisine"
                },
                "objectPropertyType": "Direct",
                "status": "ForcedByUser",
                "keyInfo": "None",
                "modelIds": null
            },
            {
                "id": "http://www.semanticweb.org/asu/yelp-review-data#Restaurant1---http://www.semanticweb.org/asu/yelp-review-data#hasImageUrl---http://www.semanticweb.org/asu/yelp-review-data#RestaurantImageUrl1",
                "weight": 0.01,
                "type": "ObjectPropertyLink",
                "label": {
                    "uri": "http://www.semanticweb.org/asu/yelp-review-data#hasImageUrl"
                },
                "objectPropertyType": "Direct",
                "status": "ForcedByUser",
                "keyInfo": "None",
                "modelIds": null
            },
            {
                "id": "http://www.semanticweb.org/asu/yelp-review-data#Restaurant1---http://www.semanticweb.org/asu/yelp-review-data#hasPhone---http://www.semanticweb.org/asu/yelp-review-data#RestaurantPhone1",
                "weight": 0.01,
                "type": "ObjectPropertyLink",
                "label": {
                    "uri": "http://www.semanticweb.org/asu/yelp-review-data#hasPhone"
                },
                "objectPropertyType": "Direct",
                "status": "ForcedByUser",
                "keyInfo": "None",
                "modelIds": null
            },
            {
                "id": "http://www.semanticweb.org/asu/yelp-review-data#Restaurant1---http://www.semanticweb.org/asu/yelp-review-data#hasRating---http://www.semanticweb.org/asu/yelp-review-data#ReviewRating1",
                "weight": 0.01,
                "type": "ObjectPropertyLink",
                "label": {
                    "uri": "http://www.semanticweb.org/asu/yelp-review-data#hasRating"
                },
                "objectPropertyType": "Direct",
                "status": "ForcedByUser",
                "keyInfo": "None",
                "modelIds": null
            },
            {
                "id": "http://www.semanticweb.org/asu/yelp-review-data#Restaurant1---http://www.semanticweb.org/asu/yelp-review-data#hasRatingImageUrl---http://www.semanticweb.org/asu/yelp-review-data#ReviewRatingImageUrl1",
                "weight": 0.01,
                "type": "ObjectPropertyLink",
                "label": {
                    "uri": "http://www.semanticweb.org/asu/yelp-review-data#hasRatingImageUrl"
                },
                "objectPropertyType": "Direct",
                "status": "ForcedByUser",
                "keyInfo": "None",
                "modelIds": null
            },
            {
                "id": "http://www.semanticweb.org/asu/yelp-review-data#Restaurant1---http://www.semanticweb.org/asu/yelp-review-data#hasSnippetImageUrl---http://www.semanticweb.org/asu/yelp-review-data#ReviewSnippetImageUrl1",
                "weight": 0.01,
                "type": "ObjectPropertyLink",
                "label": {
                    "uri": "http://www.semanticweb.org/asu/yelp-review-data#hasSnippetImageUrl"
                },
                "objectPropertyType": "Direct",
                "status": "ForcedByUser",
                "keyInfo": "None",
                "modelIds": null
            },
            {
                "id": "http://www.semanticweb.org/asu/yelp-review-data#Restaurant1---http://www.semanticweb.org/asu/yelp-review-data#hasUrl---http://www.semanticweb.org/asu/yelp-review-data#RestaurantUrl1",
                "weight": 0.01,
                "type": "ObjectPropertyLink",
                "label": {
                    "uri": "http://www.semanticweb.org/asu/yelp-review-data#hasUrl"
                },
                "objectPropertyType": "Direct",
                "status": "ForcedByUser",
                "keyInfo": "None",
                "modelIds": null
            },
            {
                "id": "http://www.semanticweb.org/asu/yelp-review-data#Restaurant1---http://www.w3.org/2000/01/rdf-schema#label---HN469132",
                "weight": 0.01,
                "type": "DataPropertyLink",
                "label": {
                    "uri": "http://www.w3.org/2000/01/rdf-schema#label"
                },
                "status": "ForcedByUser",
                "keyInfo": "None",
                "modelIds": null
            },
            {
                "id": "http://www.semanticweb.org/asu/yelp-review-data#RestaurantAddress1---http://www.w3.org/2000/01/rdf-schema#label---HN469140",
                "weight": 0.01,
                "type": "DataPropertyLink",
                "label": {
                    "uri": "http://www.w3.org/2000/01/rdf-schema#label"
                },
                "status": "ForcedByUser",
                "keyInfo": "None",
                "modelIds": null
            },
            {
                "id": "http://www.semanticweb.org/asu/yelp-review-data#RestaurantCuisine1---http://www.w3.org/2000/01/rdf-schema#label---HN469144",
                "weight": 0.01,
                "type": "DataPropertyLink",
                "label": {
                    "uri": "http://www.w3.org/2000/01/rdf-schema#label"
                },
                "status": "ForcedByUser",
                "keyInfo": "None",
                "modelIds": null
            },
            {
                "id": "http://www.semanticweb.org/asu/yelp-review-data#RestaurantImageUrl1---http://www.w3.org/2000/01/rdf-schema#label---HN469134",
                "weight": 0.01,
                "type": "DataPropertyLink",
                "label": {
                    "uri": "http://www.w3.org/2000/01/rdf-schema#label"
                },
                "status": "ForcedByUser",
                "keyInfo": "None",
                "modelIds": null
            },
            {
                "id": "http://www.semanticweb.org/asu/yelp-review-data#RestaurantPhone1---http://www.w3.org/2000/01/rdf-schema#label---HN469138",
                "weight": 0.01,
                "type": "DataPropertyLink",
                "label": {
                    "uri": "http://www.w3.org/2000/01/rdf-schema#label"
                },
                "status": "ForcedByUser",
                "keyInfo": "None",
                "modelIds": null
            },
            {
                "id": "http://www.semanticweb.org/asu/yelp-review-data#RestaurantUrl1---http://www.w3.org/2000/01/rdf-schema#label---HN469135",
                "weight": 0.01,
                "type": "DataPropertyLink",
                "label": {
                    "uri": "http://www.w3.org/2000/01/rdf-schema#label"
                },
                "status": "ForcedByUser",
                "keyInfo": "None",
                "modelIds": null
            },
            {
                "id": "http://www.semanticweb.org/asu/yelp-review-data#ReviewCount1---http://www.w3.org/2000/01/rdf-schema#label---HN469143",
                "weight": 0.01,
                "type": "DataPropertyLink",
                "label": {
                    "uri": "http://www.w3.org/2000/01/rdf-schema#label"
                },
                "status": "ForcedByUser",
                "keyInfo": "None",
                "modelIds": null
            },
            {
                "id": "http://www.semanticweb.org/asu/yelp-review-data#ReviewRating1---http://www.w3.org/2000/01/rdf-schema#label---HN469145",
                "weight": 0.01,
                "type": "DataPropertyLink",
                "label": {
                    "uri": "http://www.w3.org/2000/01/rdf-schema#label"
                },
                "status": "ForcedByUser",
                "keyInfo": "None",
                "modelIds": null
            },
            {
                "id": "http://www.semanticweb.org/asu/yelp-review-data#ReviewRatingImageUrl1---http://www.w3.org/2000/01/rdf-schema#label---HN469147",
                "weight": 0.01,
                "type": "DataPropertyLink",
                "label": {
                    "uri": "http://www.w3.org/2000/01/rdf-schema#label"
                },
                "status": "ForcedByUser",
                "keyInfo": "None",
                "modelIds": null
            },
            {
                "id": "http://www.semanticweb.org/asu/yelp-review-data#ReviewSnippetImageUrl1---http://www.w3.org/2000/01/rdf-schema#label---HN469149",
                "weight": 0.01,
                "type": "DataPropertyLink",
                "label": {
                    "uri": "http://www.w3.org/2000/01/rdf-schema#label"
                },
                "status": "ForcedByUser",
                "keyInfo": "None",
                "modelIds": null
            }
        ]
    }
}