{
    "id": "violations_plus.csv",
    "name": "violations_plus.csv",
    "description": null,
    "sourceColumns": [
        {
            "id": "HN434962",
            "hNodeId": "HN434962",
            "columnName": "business_uri_identifier"
        },
        {
            "id": "HN175628",
            "hNodeId": "HN175628",
            "columnName": "business_id"
        },
        {
            "id": "HN175629",
            "hNodeId": "HN175629",
            "columnName": "date"
        },
        {
            "id": "HN175632",
            "hNodeId": "HN175632",
            "columnName": "description"
        },
        {
            "id": "HN175631",
            "hNodeId": "HN175631",
            "columnName": "risk_category"
        },
        {
            "id": "HN175630",
            "hNodeId": "HN175630",
            "columnName": "ViolationTypeID"
        }
    ],
    "mappingToSourceColumns": [
        {
            "id": "HN175630",
            "sourceColumnId": "HN175630"
        },
        {
            "id": "HN175631",
            "sourceColumnId": "HN175631"
        },
        {
            "id": "HN175632",
            "sourceColumnId": "HN175632"
        },
        {
            "id": "HN434962",
            "sourceColumnId": "HN434962"
        },
        {
            "id": "HN175628",
            "sourceColumnId": "HN175628"
        },
        {
            "id": "HN175629",
            "sourceColumnId": "HN175629"
        }
    ],
    "graph": {
        "nodes": [
            {
                "id": "http://www.semanticweb.org/asu/health-inspection-data#Restaurant1",
                "label": {
                    "uri": "http://www.semanticweb.org/asu/health-inspection-data#Restaurant"
                },
                "type": "InternalNode",
                "modelIds": null
            },
            {
                "id": "HN434962",
                "label": {
                    "uri": "HN434962"
                },
                "type": "ColumnNode",
                "hNodeId": "HN434962",
                "columnName": "business_uri_identifier",
                "rdfLiteralType": null,
                "userSemanticTypes": [
                    {
                        "hNodeId": "HN434962",
                        "domain": {
                            "uri": "http://www.semanticweb.org/asu/health-inspection-data#Restaurant"
                        },
                        "type": {
                            "uri": "http://isi.edu/integration/karma/dev#classLink"
                        },
                        "origin": "User",
                        "confidenceScore": 1.0
                    }
                ],
                "learnedSemanticTypes": null,
                "modelIds": null
            },
            {
                "id": "http://www.semanticweb.org/asu/health-inspection-data#ViolationType1",
                "label": {
                    "uri": "http://www.semanticweb.org/asu/health-inspection-data#ViolationType"
                },
                "type": "InternalNode",
                "modelIds": null
            },
            {
                "id": "http://www.semanticweb.org/asu/health-inspection-data#ViolationDate1",
                "label": {
                    "uri": "http://www.semanticweb.org/asu/health-inspection-data#ViolationDate"
                },
                "type": "InternalNode",
                "modelIds": null
            },
            {
                "id": "http://www.semanticweb.org/asu/health-inspection-data#ViolationDescription1",
                "label": {
                    "uri": "http://www.semanticweb.org/asu/health-inspection-data#ViolationDescription"
                },
                "type": "InternalNode",
                "modelIds": null
            },
            {
                "id": "http://www.semanticweb.org/asu/health-inspection-data#ViolationRiskCategory1",
                "label": {
                    "uri": "http://www.semanticweb.org/asu/health-inspection-data#ViolationRiskCategory"
                },
                "type": "InternalNode",
                "modelIds": null
            },
            {
                "id": "HN175628",
                "label": {
                    "uri": "HN175628"
                },
                "type": "ColumnNode",
                "hNodeId": "HN175628",
                "columnName": "business_id",
                "rdfLiteralType": null,
                "userSemanticTypes": [
                    {
                        "hNodeId": "HN175628",
                        "domain": {
                            "uri": "http://www.semanticweb.org/asu/health-inspection-data#Restaurant"
                        },
                        "type": {
                            "uri": "http://www.w3.org/2000/01/rdf-schema#label"
                        },
                        "origin": "User",
                        "confidenceScore": 1.0
                    }
                ],
                "learnedSemanticTypes": null,
                "modelIds": null
            },
            {
                "id": "HN175629",
                "label": {
                    "uri": "HN175629"
                },
                "type": "ColumnNode",
                "hNodeId": "HN175629",
                "columnName": "date",
                "rdfLiteralType": null,
                "userSemanticTypes": [
                    {
                        "hNodeId": "HN175629",
                        "domain": {
                            "uri": "http://www.semanticweb.org/asu/health-inspection-data#ViolationDate"
                        },
                        "type": {
                            "uri": "http://www.w3.org/2000/01/rdf-schema#label"
                        },
                        "origin": "User",
                        "confidenceScore": 1.0
                    }
                ],
                "learnedSemanticTypes": null,
                "modelIds": null
            },
            {
                "id": "HN175632",
                "label": {
                    "uri": "HN175632"
                },
                "type": "ColumnNode",
                "hNodeId": "HN175632",
                "columnName": "description",
                "rdfLiteralType": null,
                "userSemanticTypes": [
                    {
                        "hNodeId": "HN175632",
                        "domain": {
                            "uri": "http://www.semanticweb.org/asu/health-inspection-data#ViolationDescription"
                        },
                        "type": {
                            "uri": "http://www.w3.org/2000/01/rdf-schema#label"
                        },
                        "origin": "User",
                        "confidenceScore": 1.0
                    }
                ],
                "learnedSemanticTypes": null,
                "modelIds": null
            },
            {
                "id": "HN175631",
                "label": {
                    "uri": "HN175631"
                },
                "type": "ColumnNode",
                "hNodeId": "HN175631",
                "columnName": "risk_category",
                "rdfLiteralType": null,
                "userSemanticTypes": [
                    {
                        "hNodeId": "HN175631",
                        "domain": {
                            "uri": "http://www.semanticweb.org/asu/health-inspection-data#ViolationRiskCategory"
                        },
                        "type": {
                            "uri": "http://www.w3.org/2000/01/rdf-schema#label"
                        },
                        "origin": "User",
                        "confidenceScore": 1.0
                    }
                ],
                "learnedSemanticTypes": null,
                "modelIds": null
            },
            {
                "id": "HN175630",
                "label": {
                    "uri": "HN175630"
                },
                "type": "ColumnNode",
                "hNodeId": "HN175630",
                "columnName": "ViolationTypeID",
                "rdfLiteralType": null,
                "userSemanticTypes": [
                    {
                        "hNodeId": "HN175630",
                        "domain": {
                            "uri": "http://www.semanticweb.org/asu/health-inspection-data#ViolationType"
                        },
                        "type": {
                            "uri": "http://www.w3.org/2000/01/rdf-schema#label"
                        },
                        "origin": "User",
                        "confidenceScore": 1.0
                    }
                ],
                "learnedSemanticTypes": null,
                "modelIds": null
            }
        ],
        "links": [
            {
                "id": "http://www.semanticweb.org/asu/health-inspection-data#Restaurant1---http://isi.edu/integration/karma/dev#classLink---HN434962",
                "weight": 0.01,
                "type": "ClassInstanceLink",
                "label": {
                    "uri": "http://isi.edu/integration/karma/dev#classLink"
                },
                "status": "ForcedByUser",
                "keyInfo": "UriOfInstance",
                "modelIds": null
            },
            {
                "id": "http://www.semanticweb.org/asu/health-inspection-data#Restaurant1---http://www.semanticweb.org/asu/health-inspection-data#hasViolatedTypeOf---http://www.semanticweb.org/asu/health-inspection-data#ViolationType1",
                "weight": 0.01,
                "type": "ObjectPropertyLink",
                "label": {
                    "uri": "http://www.semanticweb.org/asu/health-inspection-data#hasViolatedTypeOf"
                },
                "objectPropertyType": "Direct",
                "status": "ForcedByUser",
                "keyInfo": "None",
                "modelIds": null
            },
            {
                "id": "http://www.semanticweb.org/asu/health-inspection-data#Restaurant1---http://www.semanticweb.org/asu/health-inspection-data#hasViolationDated---http://www.semanticweb.org/asu/health-inspection-data#ViolationDate1",
                "weight": 0.01,
                "type": "ObjectPropertyLink",
                "label": {
                    "uri": "http://www.semanticweb.org/asu/health-inspection-data#hasViolationDated"
                },
                "objectPropertyType": "Direct",
                "status": "ForcedByUser",
                "keyInfo": "None",
                "modelIds": null
            },
            {
                "id": "http://www.semanticweb.org/asu/health-inspection-data#Restaurant1---http://www.semanticweb.org/asu/health-inspection-data#hasViolationDescribedAs---http://www.semanticweb.org/asu/health-inspection-data#ViolationDescription1",
                "weight": 0.01,
                "type": "ObjectPropertyLink",
                "label": {
                    "uri": "http://www.semanticweb.org/asu/health-inspection-data#hasViolationDescribedAs"
                },
                "objectPropertyType": "Direct",
                "status": "ForcedByUser",
                "keyInfo": "None",
                "modelIds": null
            },
            {
                "id": "http://www.semanticweb.org/asu/health-inspection-data#Restaurant1---http://www.semanticweb.org/asu/health-inspection-data#hasViolationRiskCategoriedUnder---http://www.semanticweb.org/asu/health-inspection-data#ViolationRiskCategory1",
                "weight": 0.01,
                "type": "ObjectPropertyLink",
                "label": {
                    "uri": "http://www.semanticweb.org/asu/health-inspection-data#hasViolationRiskCategoriedUnder"
                },
                "objectPropertyType": "Direct",
                "status": "ForcedByUser",
                "keyInfo": "None",
                "modelIds": null
            },
            {
                "id": "http://www.semanticweb.org/asu/health-inspection-data#Restaurant1---http://www.w3.org/2000/01/rdf-schema#label---HN175628",
                "weight": 0.01,
                "type": "DataPropertyLink",
                "label": {
                    "uri": "http://www.w3.org/2000/01/rdf-schema#label"
                },
                "status": "ForcedByUser",
                "keyInfo": "None",
                "modelIds": null
            },
            {
                "id": "http://www.semanticweb.org/asu/health-inspection-data#ViolationDate1---http://www.w3.org/2000/01/rdf-schema#label---HN175629",
                "weight": 0.01,
                "type": "DataPropertyLink",
                "label": {
                    "uri": "http://www.w3.org/2000/01/rdf-schema#label"
                },
                "status": "ForcedByUser",
                "keyInfo": "None",
                "modelIds": null
            },
            {
                "id": "http://www.semanticweb.org/asu/health-inspection-data#ViolationDescription1---http://www.w3.org/2000/01/rdf-schema#label---HN175632",
                "weight": 0.01,
                "type": "DataPropertyLink",
                "label": {
                    "uri": "http://www.w3.org/2000/01/rdf-schema#label"
                },
                "status": "ForcedByUser",
                "keyInfo": "None",
                "modelIds": null
            },
            {
                "id": "http://www.semanticweb.org/asu/health-inspection-data#ViolationRiskCategory1---http://www.w3.org/2000/01/rdf-schema#label---HN175631",
                "weight": 0.01,
                "type": "DataPropertyLink",
                "label": {
                    "uri": "http://www.w3.org/2000/01/rdf-schema#label"
                },
                "status": "ForcedByUser",
                "keyInfo": "None",
                "modelIds": null
            },
            {
                "id": "http://www.semanticweb.org/asu/health-inspection-data#ViolationType1---http://www.w3.org/2000/01/rdf-schema#label---HN175630",
                "weight": 0.01,
                "type": "DataPropertyLink",
                "label": {
                    "uri": "http://www.w3.org/2000/01/rdf-schema#label"
                },
                "status": "ForcedByUser",
                "keyInfo": "None",
                "modelIds": null
            }
        ]
    }
}