id,url,name,phone,homepage,address,city,state,lat,lon,expiry,postdate,provider,down,up,dealtitle,dealinfo,dealoriginalprice,dealprice,dealdiscount,dealsavings,disclaimer,dealsinstore,storeurl,showimage,showimagestandardbig,showimagestandardsmall
12030745,http://www.8coupons.com/apiout/showdeal/deal/12030745/3449003/aff,Brickhouse Catering,510.423.2828,,,Oakland,CA,37.721,-122.209,2015-12-09,2015-11-28 10:48:00,yelp,,,$400 for $500 Certificate,"You get a voucher redeemable for $500 at Brickhouse Catering. Print out your voucher, or redeem on your phone with the  Yelp app .",500,400,20,100,,1,http://www.8coupons.com/discounts/brickhouse-catering-oakland-94621,http://s3-media1.fl.yelpcdn.com/dphoto/39qhGXAarAMzz7Uex4D5dg/l.jpg,http://www.8coupons.com/image/deal/12030745/featured,http://www.8coupons.com/image/deal/12030745
11356631,http://www.8coupons.com/apiout/showdeal/deal/11356631/3449003/aff,A Touch Of Mexico,510.633.0731,,10 Hegenberger Rd,Oakland,CA,37.7275,-122.201,2015-12-08,2015-11-27 00:14:20,yelp,,,$10 for $13 Certificate,"You get a voucher redeemable for $13 at A Touch Of Mexico. Print out your voucher, or redeem on your phone with the  Yelp app .",13,10,23,3,,1,http://www.8coupons.com/discounts/touch-of-mexico-oakland-94621,http://s3-media3.fl.yelpcdn.com/dphoto/C2DUHsa64f5QRu5uQQS55Q/l.jpg,http://www.8coupons.com/image/deal/11356631/featured,http://www.8coupons.com/image/deal/11356631
12673701,http://www.8coupons.com/apiout/showdeal/deal/12673701/3449003/aff,A Piece of Cake and Confections,415.640.0003,,1514 4th St,San Rafael,CA,37.9738,-122.534,2015-12-06,2015-12-04 00:59:20,Amazon Local,,,"$10 to Spend on Baked Goods, Baklava, or Pie",You haven't had baklava until you've had it from A Piece of Cake and Confections. Pick up today's deal and enjoy this popular delicacy. or a variety of others. as it was meant to be enjoyed: handmade and fresh out of the oven.    $5 for $10 to spend on baked goods  $6 ($12 value) for one dozen baklava   $12 ($24 value) for two dozen baklava   $9 ($18 value) for your choice of a handmade nine-inch pie  Quality products made with care by a talented team of bakers   A Piece of Cake and Confections:  Website,10,5,50,5,. ul. li. Limit 1 voucher per purchaser; additional 1 voucher may be sent as a gift. br. /li. li. Limit 1 voucher redemption per individual. br. /li. li. Reservations are required 72 hours in advance and subject to availability. Merchant cancellation/rescheduling policy of 24 hours applies; voucher subject to forfeiture. /li. li. Entire value must be used in a single visit by same customer. /li. li. Discount apportioned among all items purchased. No item provided free. br. /li. li. Available for use beginning the day after purchase. br. /li. li. PROMOTIONAL VALUE EXPIRES 180 DAYS FROM THE PURCHASE DATE. br. /li. li. PAID VALUE DOES NOT EXPIRE. br. /li. /ul.,50,http://www.8coupons.com/discounts/a-piece-of-cake-and-confections-san-rafael-94901,http://g-ecx.images-amazon.com/images/G/01/ember/deals/d2720dd371f9cda723f0fe73e50163bdd3e81d5e47c8f035812e2c7996c75f28,http://www.8coupons.com/image/deal/12673701/featured,http://www.8coupons.com/image/deal/12673701
14064159,http://www.8coupons.com/apiout/showdeal/deal/14064159/3449003/aff,Kababbq Grille & Cafe,415.256.9878,,555 Francisco Blvd E,San Rafael,CA,37.9658,-122.515,2015-12-13,2015-12-02 20:39:14,yelp,,,$15 for $30 Certificate,"You get a voucher redeemable for $30 at Kababbq Grille & Cafe. Print out your voucher, or redeem on your phone with the  Yelp app .",30,15,50,15,,1,http://www.8coupons.com/discounts/kababbq-grille-cafe-san-rafael-94901,http://8coupons.com/images/btypes/eat.jpg,http://www.8coupons.com/image/deal/14064159/featured,http://www.8coupons.com/image/deal/14064159
11244481,http://www.8coupons.com/apiout/showdeal/deal/11244481/3449003/aff,A Piece of Cake and Confections,415.640.0003,,1514 4th St,San Rafael,CA,37.9738,-122.534,2015-12-14,2015-12-03 00:57:54,yelp,,,$5 for $10 Certificate,"You get a voucher redeemable for $10 at A Piece of Cake and Confections. Print out your voucher, or redeem on your phone with the  Yelp app .",10,5,50,5,,1,http://www.8coupons.com/discounts/a-piece-of-cake-and-confections-san-rafael-94901,http://s3-media1.fl.yelpcdn.com/dphoto/LE2givynCfs1CgyUU6XXbQ/l.jpg,http://www.8coupons.com/image/deal/11244481/featured,http://www.8coupons.com/image/deal/11244481
11631003,http://www.8coupons.com/apiout/showdeal/deal/11631003/3449003,Red Boy Pizza,415.258.0420,,2044 Fourth Street,San Rafael,CA,37.9751,-122.544,2015-12-13,2015-08-04 05:15:21,valpak,,,$7 OFF With Order Of 2 Large Or 2 Xtra Large 2 Toppings Or More Pizza,,,,,,"Good At Red Boy San Rafael Only. 2044 4th Street, San Rafael (Miracle Mile) 258-0420PLEASE MENTION AND PRESENT THIS COUPONOnly One Coupon Per Order. Not Valid With Any Other Discounts. With Valpak.  coupon only. Coupon void if altered.",3,http://www.8coupons.com/discounts/red-boy-pizza-san-rafael-94901,https://www.valpak.com/img/slug/Red-Boy-Pizza-Logo.jpg,http://www.8coupons.com/image/deal/11631003/featured,http://www.8coupons.com/image/deal/11631003
13302867,http://www.8coupons.com/apiout/showdeal/deal/13302867/3449003,Mountain Mikes,415.454.4300,http://www.mountainmikespizza.com/,2100 4th St #B,San Rafael,CA,37.9759,-122.547,2015-12-13,2015-08-04 05:15:21,valpak,,,LARGE 1 TOPPING PIZZA FOR $6.99,,,,,,Buy 1 Large Specialty Pizza at Regular Price and Get a Large 1 Topping Pizza for $6.99. Valid at participating locations only. Not valid for dine-in. Take Out or Delivery.  Addt&'l delivery charges may apply. Not valid with any other offer or discount. With coupon. Coupon void if altered.,3,http://www.8coupons.com/discounts/mountain-mike-s-pizza-san-rafael-94901,https://www.valpak.com/img/slug/MMikeLogo.jpg,http://www.8coupons.com/image/deal/13302867/featured,http://www.8coupons.com/image/deal/13302867
8966077,http://www.8coupons.com/apiout/showdeal/deal/8966077/3449003/aff,Miracle Mile Cafe,415.454.7700,,2130 4th St,San Rafael,CA,37.976,-122.548,2015-12-13,2015-12-02 20:39:15,yelp,,,$10 for $20 Worth of Food and Drink Certificate,,20,10,50,10,,1,http://www.8coupons.com/discounts/miracle-mile-cafe-san-rafael-94901,http://s3-media4.fl.yelpcdn.com/dphoto/MntO3suhh0eTjOwLnSd4BQ/l.jpg,http://www.8coupons.com/image/deal/8966077/featured,http://www.8coupons.com/image/deal/8966077
11989591,http://www.8coupons.com/apiout/showdeal/deal/11989591/3449003/aff,Tub Tim Thai Restaurant,415.924.1223,,510 Tamalpais Dr,Corte Madera,CA,37.9259,-122.523,2015-12-06,2015-12-04 00:59:28,Amazon Local,,,$20 to Spend at Tub Tim Thai Restaurant,"Experience the bright flavors and exotic spices of authentic Asian cuisine with today's deal from Tub Tim Thai Restaurant. Their chefs use only the freshest ingredients when making their delightfully presented, tasty dishes.     $10 for $20 to spend on food and non-alcoholic drinks   Try freshly prepared starters like satay skewers and more   Wide range of delicious curries and other entrees to choose from   A fun, family-friendly atmosphere      Tub Tim Thai Restaurant's  Website  |  Menu",20,10,50,10,. ul. li. Limit 1 voucher per purchaser; additional 1 voucher may be sent as a gift. /li. li. Limit 1 voucher per table per visit. /li. li. Entire value must be used in a single visit. /li. li. Valid only for dine-in. /li. li. Excludes alcohol. /li. li. Available for use beginning the day after purchase. /li. li. PROMOTIONAL VALUE EXPIRES 180 DAYS FROM THE PURCHASE DATE. /li. li. PAID VALUE DOES NOT EXPIRE. /li. /ul.,50,http://www.8coupons.com/discounts/tub-tim-thai-restaurant-corte-madera-94976,http://g-ecx.images-amazon.com/images/G/01/ember/deals/172daef6dbef633c188c4ef7dd5e2a6cdcf588973999e81a27ee9f8c8b05cbd,http://www.8coupons.com/image/deal/11989591/featured,http://www.8coupons.com/image/deal/11989591
7312543,http://www.8coupons.com/apiout/showdeal/deal/7312543/3449003,Amici's East Coast Pizzeria,415.455.9777,,P.o. Box 370794,Montara,CA,37.5409,-122.512,2015-12-13,2015-08-21 08:27:51,Money Mailer,,,$2.00 Off A large pizza or bottle of wine,with coupon. Not valid with any other offer.,,,,,,1,http://www.8coupons.com/discounts/amici-s-east-coast-pizzeria-montara-94037,http://www.moneymailer.com/mailed-ad-226-10-0474-order-226-10-098-front.png,http://www.8coupons.com/image/deal/7312543/featured,http://www.8coupons.com/image/deal/7312543
12064449,http://www.8coupons.com/apiout/showdeal/deal/12064449/3449003,Stefanos Pizza,415.924.9666,,225 Corte Madera Ave,Corte Madera,CA,37.9257,-122.53,2015-12-13,2015-08-04 05:15:21,valpak,,,FREE MEDIUM CHEESE PIZZA With Purchase Of Any Extra Large Pizza,,,,,,(Additional Toppings OnFree Pizza $1.50 ea. )Not Valid With Any Other Coupon. Only OneCoupon Per Order. With Valpak.  coupon only. Coupon void if altered.,6,http://www.8coupons.com/discounts/stefano-s-rocco-s-pizza-mill-valley-94941,https://www.valpak.com/img/slug/BPP_LOGO_22416.jpg,http://www.8coupons.com/image/deal/12064449/featured,http://www.8coupons.com/image/deal/12064449
11503931,http://www.8coupons.com/apiout/showdeal/deal/11503931/3449003/aff,Raphael's Shutter Cafe,510.525.4227,http://raphaelscafe.com/index.htm,10064 San Pablo Ave.,El Cerrito,CA,37.9017,-122.303,2015-12-06,2015-12-04 00:50:42,Amazon Local,,,$25 to Spend at Raphael's Shutter Cafe,"Bring the family to Raphael's Shutter Cafe for everyone's favorite dish. Enjoy a juicy burger, a hearty omelet, or a tasty salmon salad as you check out the supply of local art on the walls.    $12 for $25 to spend on food and drink  Say hello to Otis, the owner, who loves to personally welcome every guest   Enjoy live music many evenings -- at a low volume that still allows for conversation    Raphael's Shutter Cafe on   Facebook",25,12,52,13,. p. ul. li. Limit 1 voucher per purchaser; additional 2 vouchers may be sent as gifts. br. /li. li. Limit 1 voucher redemption per individual. br. /li. li. Limit 1 per table per visit. br. /li. li. Entire value must be used in a single visit. br. /li. li. Discount apportioned among all items purchased. No item provided free. br. /li. li. Available for use beginning the day after purchase. /li. li. PROMOTIONAL VALUE EXPIRES 180 DAYS FROM THE PURCHASE DATE. /li. li. PAID VALUE DOES NOT EXPIRE. /li. /ul. p. /p.,50,http://www.8coupons.com/discounts/raphael-s-shutter-cafe-el-cerrito-94530,http://g-ecx.images-amazon.com/images/G/01/ember/deals/6b7d50281f1a3ed66287abd13119309591d8407282287035ed823d8b6742894,http://www.8coupons.com/image/deal/11503931/featured,http://www.8coupons.com/image/deal/11503931
12473997,http://www.8coupons.com/apiout/showdeal/deal/12473997/3449003/aff,Taki Sushi,510.237.0562,http://www.sushi-taki.com,10889 San Pablo Ave,El Cerrito,CA,37.9153,-122.311,2015-12-06,2015-12-04 00:50:39,Amazon Local,,,$14 for $28 - Nigiri Combo or Sushi Meal at Taki Sushi,"Dig into delicious sushi creations with today's deal from Taki Sushi. Chef Kaz Sasaki is skilled in the art of making rolls that tickle your taste buds with their freshness and originality.   $14 (up to $28 value) for one nigiri combo for two and one large hot or cold house sake  $18 (up to $37 value) for a sushi meal for two: any two special rolls and one large pot of hot or cold house sake  Dine on tasty spider rolls, rainbow rolls, and more  Friendly, personalized service makes you feel like one of the family    Taki Sushi's  Website  |  Menu",28,14,50,14,. ul. li. Limit 1 voucher per purchaser; additional 1 voucher may be sent as a gift. br. /li. li. Limit 1 voucher redemption per individual. br. /li. li. Limit 1 per table per visit. br. /li. li. Not valid on happy hour specials. br. /li. li. Must be 21.  with valid ID to consume alcohol. br. /li. li. Discount apportioned among all items purchased. No item provided free. br. /li. li. Entire value per voucher must be used in a single visit. br. /li. li. Available for use beginning the day after purchase. /li. li. PROMOTIONAL VALUE EXPIRES 180 DAYS FROM THE PURCHASE DATE. /li. li. PAID VALUE DOES NOT EXPIRE. /li. /ul.,50,http://www.8coupons.com/discounts/taki-sushi-el-cerrito-94530-510-237-0562,http://g-ecx.images-amazon.com/images/G/01/ember/deals/32321ecc571674ba902aaec998ac4094bb12c877a66b60a79c3b5a65fd39200,http://www.8coupons.com/image/deal/12473997/featured,http://www.8coupons.com/image/deal/12473997
12064247,http://www.8coupons.com/apiout/showdeal/deal/12064247/3449003,Roccos Pizza in Mill Valley,415.388.4444,,711 E Blithedale Ave,Mill Valley,CA,37.9023,-122.525,2015-12-11,2015-08-01 05:15:21,valpak,,,2 LARGE CHEESE PIZZAS ONLY $20.95,,,,,,. TAX. Additional Toppings $1.95 Each. Not Valid With Any OtherCoupon. Only One Coupon Per Order With Valpak.  coupon only. Coupon void if altered.,3,http://www.8coupons.com/discounts/rocco-s-pizza-pasta-mill-valley-94941,https://www.valpak.com/img/slug/roccos-mill-valley-logo.jpg,http://www.8coupons.com/image/deal/12064247/featured,http://www.8coupons.com/image/deal/12064247
12064437,http://www.8coupons.com/apiout/showdeal/deal/12064437/3449003,Stefanos Pizza,415.383.9666,,11 E Blithedale Ave,Mill Valley,CA,37.9066,-122.546,2015-12-13,2015-08-04 05:15:21,valpak,,,FREE MEDIUM CHEESE PIZZA With Purchase Of Any Extra Large Pizza,,,,,,(Additional Toppings OnFree Pizza $1.50 ea. )Not Valid With Any Other Coupon. Only OneCoupon Per Order. With Valpak.  coupon only. Coupon void if altered.,3,http://www.8coupons.com/discounts/stefano-s-pizzeria-mill-valley-94941,https://www.valpak.com/img/slug/BPP_LOGO_22416.jpg,http://www.8coupons.com/image/deal/12064437/featured,http://www.8coupons.com/image/deal/12064437
14081393,http://www.8coupons.com/apiout/showdeal/deal/14081393/3449003,Leonardo&'s,650.697.9779,,540 Broadway,Millbrae,CA,37.6045,-122.396,2015-12-13,2015-09-28 18:52:35,valpak,,,Buy One Sandwich and Get Half Off Second Sandwich!  ,,,,,,Second Sandwich of Equal of Lesser Value. Limited Time Offer. One coupon per customer. One coupon per party. Coupons may not be combined with any other offer. Coupon void if altered.,2,http://www.8coupons.com/discounts/leonardo-s-deli-cafe-millbrae-94030,https://www.valpak.com/img/slug/leonardoslogo.jpg,http://www.8coupons.com/image/deal/14081393/featured,http://www.8coupons.com/image/deal/14081393
9701088,http://www.8coupons.com/apiout/showdeal/deal/9701088/3449003,Little Whale,650.697.4004,,716 Magnolia Avenue,Millbrae,CA,37.6031,-122.396,2015-12-13,2015-08-04 05:15:21,valpak,,,"$10 Off Your Entire Dinner! When You Order 2 Complete Dinner Entrees,  ",,,,,,"Or Pasta Dishes, and 2 Wine or Beverage Items! Beverage excludes water. Entree Excludes Appetizers and Side Orders. One coupon per party. Coupons may not be combined with any other offer. Not valid with any other offer. Must present coupon at time of order. Coupon void if altered.",3,http://www.8coupons.com/discounts/thai-zaap-little-whale-millbrae-94030-650-697-4004,https://www.valpak.com/img/slug/LittleWhaleLogo.jpg,http://www.8coupons.com/image/deal/9701088/featured,http://www.8coupons.com/image/deal/9701088
13516077,http://www.8coupons.com/apiout/showdeal/deal/13516077/3449003,Round Table Pizza,650.697.5520,,414 BROADWAY,Millbrae,CA,37.602,-122.393,2015-12-13,2015-08-04 05:15:21,valpak,,,"$4 Off Any X-L Pizza, 3 Off Any Large Pizza, & $2 Off Any Medium Pizza    ",,,,,,".Dine In, Pick Up or Delivery. Delivery charge may apply. One Coupon Per Order. Limited Delivery Area. One coupon per customer. One coupon per party. Coupons may not be combined with any other offer. Not valid with any other coupon. With Valpak.  coupon only.",11,http://www.8coupons.com/discounts/round-table-pizza-millbrae-94031,https://www.valpak.com/img/slug/RTHoriz_Logo.JPG,http://www.8coupons.com/image/deal/13516077/featured,http://www.8coupons.com/image/deal/13516077
6549333,http://www.8coupons.com/apiout/showdeal/deal/6549333/3449003,MR. PICKLES SANDWICH SHOP,650.697.1980,,405 Broadway,Millbrae,CA,37.6016,-122.393,2015-12-13,2015-08-02 05:15:22,valpak,0,1,Call For Catering Services! 650-697-1980    ,,,,,,Mr. Pickles Sandwich Shop & Deli in Millbrae CA Serves The Best Sandwiches In The San Francisco Bay Area. Print A Deli Coupon To Save On Your Next Lunch. Coupon void if altered.,3,http://www.8coupons.com/discounts/mr-pickles-millbrae-94031,https://www.valpak.com/img/slug/Pickles_Logo.JPG,http://www.8coupons.com/image/deal/6549333/featured,http://www.8coupons.com/image/deal/6549333
13647801,http://www.8coupons.com/apiout/showdeal/deal/13647801/3449003,The Third Eye Restarant &#38; Sports  Bar*,650.777.0907,,333 Broadway,Millbrae,CA,37.6011,-122.392,2015-12-13,2015-07-31 05:15:22,valpak,,,$5.00 OFF Any Dinner Purchase  Order of $25.00 or More! Valid Only During Dinner Hours and Dine In Only  ,,,,,,"Offer Excludes Tax, Gratuity, and Alcohol. Coupons may not be combined with any other offer. Coupon void if altered.",3,http://www.8coupons.com/discounts/the-third-eye-restarant-sports-bar-millbrae-94030,https://www.valpak.com/img/slug/thirdeyelogo.jpg,http://www.8coupons.com/image/deal/13647801/featured,http://www.8coupons.com/image/deal/13647801
14334981,http://www.8coupons.com/apiout/showdeal/deal/14334981/3449003,Little China Kitchen,650.348.3890,,215 E. 3rd Avenue,San Mateo,CA,37.5654,-122.323,2015-12-13,2015-11-17 17:38:38,valpak,,,$5.00 Off Your Total Bill!! Minimum $25.00 Purchase. Dine-In or Pick-Up,,,,,,Offer Excludes Lunch Specials. Coupons may not be combined with any other offer. With Valpak.  coupon only. Coupon void if altered.,2,http://www.8coupons.com/discounts/little-china-kitchen-san-mateo-94401,https://www.valpak.com/img/slug/LittleChinaKitchenLogo_BMI.tif,http://www.8coupons.com/image/deal/14334981/featured,http://www.8coupons.com/image/deal/14334981
14375439,http://www.8coupons.com/apiout/showdeal/deal/14375439/3449003/aff,Munchery,888.458.5376,,375 Alabama St,San Francisco,CA,37.7646,-122.412,2015-12-06,2015-12-04 05:33:34,Gilt City,,,$50 Meal-Delivery Credit,$50 gift card to Munchery. com   Valid for new and existing users,50,40,20,10,,50,http://www.8coupons.com/discounts/munchery-san-francisco-94103,http://cdn1.gilt.com/images/share/uploads/0000/0005/0453/504534227/orig.jpg,http://www.8coupons.com/image/deal/14375439/featured,http://www.8coupons.com/image/deal/14375439
12310617,http://www.8coupons.com/apiout/showdeal/deal/12310617/3449003/aff,Bissap Baobab,415.643.3558,,3388 19th St.,San Francisco,CA,37.7604,-122.419,2015-12-06,2015-12-04 00:24:55,Amazon Local,,,$38 for $74.25 - Dinner for Two at Bissap Baobab ,"The staff at Bissap Baobab believes dining out should be a full cultural experience. Named after the Baobab tree, this Mission District restaurant brings the flavors of Senegal to life with gourmet African dishes in a worldly community atmosphere.   $38 (up to $74.25 value) for a West African and Caribbean dinner for two, valid Tuesday through Thursday or Sunday  $45 (up to $74.25 value) for a West African and Caribbean dinner for two, valid Friday or Saturday  Menu includes lamb, tacos, prawns, spirits, infused cocktails, and more  Restaurant is also a community center with special events  In business since 1996  Bissap Baobab's  Website  |  Menu  |  Events",74,38,49,36,". ul. li. Limit 1 voucher per purchaser; additional 1 voucher may be sent as a gift. br. /li. li. Limit 1 voucher redemption per individual. br. /li. li. Limit 1 per table per visit. br. /li. li. Reservations are required and subject to availability. br. /li. li. Merchant cancellation/rescheduling policy of 24 hours applies; voucher subject to forfeiture. br. /li. li. Entire value must be used in a single visit by same pair. br. /li. li. Must be 21.  with valid ID to consume alcohol. br. /li. li. Valid only for the option purchased. br. /li. li. Discount apportioned among all items purchased. No item provided free. br. /li. li. Includes 1 appetizer to share (up to $8.75 value), 1 entree per person (up to $14.75 value each), and 1 pitcher of top-shelf cocktails or a bottle of house wine (up to $36 value). br. /li. li. Available for use beginning the day after purchase. /li. li. PROMOTIONAL VALUE EXPIRES 180 DAYS FROM THE PURCHASE DATE. /li. li. PAID VALUE DOES NOT EXPIRE. /li. /ul.",50,http://www.8coupons.com/discounts/little-baobab-san-francisco-94110,http://g-ecx.images-amazon.com/images/G/01/ember/deals/f6517c70b44f5dc6069717581d1aa964542016131e2b6bef0ad75e168ba92,http://www.8coupons.com/image/deal/12310617/featured,http://www.8coupons.com/image/deal/12310617
12673689,http://www.8coupons.com/apiout/showdeal/deal/12673689/3449003/aff,Butter,415.863.5964,,354 11th St,San Francisco,CA,37.771,-122.413,2015-12-06,2015-12-04 00:24:54,Amazon Local,,,$25 to Spend on Comfort Food and Drinks at Butter,"Featured on The Travel Channel and in  SF Weekly , Butter has made a name for itself with its creative, satisfying comfort food. Whether it's deep-fried, nuked in the microwave, or poured from a sophisticated 16-ounce can, everything at Butter hits the spot.   $12 for $25 to spend on food and drink  Deep-fried PBJ, mozzarella sticks. even Twinkies  White Castle burgers, Beanie Weenies, and Frito Pie, just like you remember from childhood  PBR tallboys, cocktails with Tang or Sunny Delight, and much more to slake your thirst   Butter:  Website  |  Menu",25,12,52,13,". p. /p. ul. li. Limit 1 voucher per purchaser; additional 1 voucher may be sent as a gift. br. /li. li. Limit 1 voucher redemption per individual. br. /li. li. Limit 1 per table per visit. br. /li. li. Valid only for dine-in. br. /li. li. Valid from 6 p. m. 2 a. m. on Wednesday and Thursday, from 8 p. m. 2 a. m. on Sunday, and from 6. 9 p. m. on Friday and Saturday. br. /li. li. Closed on Mondays and Tuesdays. br. /li. li. Discount apportioned among all items purchased. No item provided free. br. /li. li. Entire value must be used in a single visit. br. /li. li. Available for use beginning the day after purchase. br. /li. li. PROMOTIONAL VALUE EXPIRES 180 DAYS FROM THE PURCHASE DATE. br. /li. li. PAID VALUE DOES NOT EXPIRE. br. /li. /ul. p. /p.",50,http://www.8coupons.com/discounts/butter-san-francisco-94103,http://g-ecx.images-amazon.com/images/G/01/ember/deals/41d27c122d6959bd9296bcb860bfae6663935169f5c68a16da4387fda820,http://www.8coupons.com/image/deal/12673689/featured,http://www.8coupons.com/image/deal/12673689
13227983,http://www.8coupons.com/apiout/showdeal/deal/13227983/3449003/aff,The Marsh Upstairs Studio Theater,415.826.5750,,1062 Valencia St.,San Francisco,CA,37.7558,-122.421,2015-12-08,2015-12-03 09:12:23,Goldstar,,,"$6.00 for $12.00 - Percussive Clown Unique Derique's ""Fool La La"": Outrageous Show From One Cool Entertainer","Best known for his hilariously inventive ""hamboning"" technique -- turning his entire body into a percussive instrument -- beloved Bay Area fool Unique Derique brings his fun holiday extravaganza,  Fool La La , to The Marsh Upstairs Studio Theater in San Francisco. Whether he's riding a unicycle, juggling or creating infectious rhythms with his body, Unique Derique is one cool clown. Combining outrageous skits with his unique brand of physical comedy, Derique ""leaves them laughing coast to coast"" ( The San Francisco Examiner ). With TV appearances ranging from the Disney Channel to  Showtime at the Apollo , Derique has entertained audiences of all ages. He's even shared the stage with such entertainers as The Temptations and Sammy Davis Jr.",12,6,50,6,,2,http://www.8coupons.com/discounts/the-marsh-san-francisco-94110,https://i.gse.io/gse_media/115/2/1425434076-Unique_Derique_in_Fool_La_La_tickets.jpg?p=1,http://www.8coupons.com/image/deal/13227983/featured,http://www.8coupons.com/image/deal/13227983
13946621,http://www.8coupons.com/apiout/showdeal/deal/13946621/3449003/aff,The Marsh San Francisco MainStage Theater,415.826.5750,,1062 Valencia St.,San Francisco,CA,37.7558,-122.421,2015-12-08,2015-12-03 09:11:17,Goldstar,,,"$12.50 for $25.00 - ""Inappropriate in All the Right Ways"": Solo Show & Workshop With Ann Randolph","From spending time in a mental institution in Appalachia to creating and starring in an off-Broadway solo show produced by Mel Brooks and the late Anne Bancroft, playwright and performer Ann Randolph has lived a life worth telling about. Her latest one-person, multi-character comedy show,  Inappropriate in All the Right Ways , chronicles her journey from her hometown of Loveland, Ohio to the present day, during which she pretended to clean up the Exxon oil spill in Alaska with a bunch of good old boys from Louisiana, experienced a homeless shelter in Santa Monica, and embarked on other adventures as she found her way in the world. Admission to  Inappropriate in All the Right Ways  includes a post-performance workshop with Randolph on following your own passion.",25,13,50,13,,2,http://www.8coupons.com/discounts/the-marsh-san-francisco-94110,https://i.gse.io/gse_media/115/7/1441066218-ann_randolph_tickets.jpg?p=1,http://www.8coupons.com/image/deal/13946621/featured,http://www.8coupons.com/image/deal/13946621
14323133,http://www.8coupons.com/apiout/showdeal/deal/14323133/3449003/aff,The Market,415.767.5130,,1355 Market St,San Francisco,CA,37.7768,-122.417,2015-12-06,2015-12-04 05:33:31,Gilt City,,,"Up to 30% Off Sushi Dinners, Groceries, Seafood, Meats & More","Chef-selected dinner for two, which includes an appetizer and nine pieces of sushi/nigiri per person",120,85,29,15,,50,http://www.8coupons.com/discounts/the-market-san-francisco-94103,http://cdn1.gilt.com/images/share/uploads/0000/0005/0455/504557189/orig.jpg,http://www.8coupons.com/image/deal/14323133/featured,http://www.8coupons.com/image/deal/14323133
14342389,http://www.8coupons.com/apiout/showdeal/deal/14342389/3449003/aff,Picnic on Third,415.590.7121,,493 3rd St,San Francisco,CA,37.7816,-122.396,2015-12-05,2015-12-03 11:31:10,Gilt City,,,"Up to 33% Off Dinner, Brunch, Drinks, Gourmet Gift Bags & More","One bottle of Blue Plate grenache, Allagash Interlude beer or Bonny Doon Querry cider One mason jar of a house-made item; the rotating selection may include pickles and sauerkraut, granola or chai tea mix One packaged item: choose from 4505 kettle-cooked chicharrones, PapaBubble SF candies or Picnic. s signature. Jumpin.  Jambalaya Spice Mix.",40,28,30,10,,50,http://www.8coupons.com/discounts/picnic-on-third-san-francisco-94107,http://cdn1.gilt.com/images/share/uploads/0000/0005/0430/504305439/orig.jpg,http://www.8coupons.com/image/deal/14342389/featured,http://www.8coupons.com/image/deal/14342389
14030741,http://www.8coupons.com/apiout/showdeal/deal/14030741/3449003/aff,Izakaya Roku,415.861.6500,http://www.rokusf.com/,1819 Market St.,San Francisco,CA,37.7713,-122.424,2015-12-06,2015-12-04 05:30:46,Travelzoo,,,$25 -- &'Sleek&' Izakaya Roku: 50% Off Dinner & Drinks for 2 ,"Order anything off the tapas-style menu at the Market Street spot, including drinks   Recommended by The New York Times   Travelzoo members praise the ""creative"" cuisine and ""excellent"" service    Zagat  calls it ""classic Japanese street food"" that ""packs a delicious punch""   Rated 4 stars on Yelp   Oct. 1, 2015 - Feb. 25, 2016; Tuesday-Sunday (closed Mondays)  ]].",50,25,50,25,". ![CDATA[. b. Redeem starting Oct. 1, 2015;. /b. valid Tuesday-Sunday during merchant's operating hours (closed Mondays). b. . /b. Reservations required; subject to availability. Call 415-861-6500 to make a reservation;. b.  OpenTable and Yelp reservations are not accepted. /b.  Upon arrival, present printed voucher or display in Travelzoo mobile app.  Tax, if applicable, and gratuity are not included. Please tip on the full value; 18-20% is customary for good service. ]].",50,http://www.8coupons.com/discounts/izakaya-roku-san-francisco-94103,http://www.tzoo-img.com/images/tzoo.hd.74993.0.166885.asiancuisine.jpg?v=1&width=514,http://www.8coupons.com/image/deal/14030741/featured,http://www.8coupons.com/image/deal/14030741
13935745,http://www.8coupons.com/apiout/showdeal/deal/13935745/3449003/aff,Hotel Biron,415.703.0403,,45 Rose Street,San Francisco,CA,37.7737,-122.422,2015-12-06,2015-12-04 05:30:39,Travelzoo,,,$29 -- &'Best Wine Bar&': Half Off Drinks & Apps for 2,"A ""special Hayes Valley drinking locale"" (SF Weekly)   Gayot describes it as ""romantic and atmospheric""   Rated 4 stars on Yelp   This intimate, candlelit wine bar makes a great date spot   Through Feb. 26, 2016 ]].",58,29,50,29,". ![CDATA[Valid during merchant's operating hours. Seating is first-come, first-served; subject to availability. Upon arrival, present printed voucher or display in Travelzoo mobile app. Tax, if applicable, and gratuity are not included. Please tip on the full value; 18-20% is customary for good service. Not valid on holidays or holiday weekends (call merchant for specific date restrictions). Not valid during special events, such as Restaurant Week. ]].",50,http://www.8coupons.com/discounts/hotel-biron-san-francisco-94102,http://www.tzoo-img.com/images/tzoo.42324.0.341376.HotelBiron.jpg?v=1&width=514,http://www.8coupons.com/image/deal/13935745/featured,http://www.8coupons.com/image/deal/13935745
13961935,http://www.8coupons.com/apiout/showdeal/deal/13961935/3449003/aff,Minas Brazilian Restaurant & Cacha&#231;aria,415.626.8727,,41 Franklin St.,San Francisco,CA,37.775,-122.421,2015-12-06,2015-12-04 05:30:45,Travelzoo,,,$39 -- Brazilian Dinner for 2 w/Drinks or Mimosa Brunch ,"Save more than 40% on brunch, or visit for dinner and get free rein of the menu   Authentic Brazilian flavors and entertainment with samba dancers on weekends   Sip a welcome glass of sparkling wine with dinner or a mimosa with brunch   Great shopping in the area; Hayes Valley is a ""haven for haute couture"" (SF Gate)   Through Dec. 31, 2015; Dinner: Sunday-Thursday, Brunch: Sundays only ]].",65,39,40,26,". ![CDATA[Dinner valid Tuesday-Thursday during merchant's dinner hours; brunch valid Sundays only during merchant's brunch hours. Restaurant is closed Mondays. Reservations required; subject to availability. Upon arrival, present printed voucher or display in Travelzoo mobile app. Tax, if applicable, and gratuity are not included. Please tip on the full value; 18-20% is customary for good service. Limit two vouchers per table. Not valid on holidays (call merchant for specific date restrictions). Limit two purchases per person; may buy additional as gifts. If limit is exceeded, voucher subject to forfeiture. ]].",50,http://www.8coupons.com/discounts/minas-brazilian-restaurant-cacha-aria-san-francisco-94102,http://www.tzoo-img.com/images/tzoo.hd.76770.0.182437.Minas.jpg?v=1&width=514,http://www.8coupons.com/image/deal/13961935/featured,http://www.8coupons.com/image/deal/13961935
14385287,http://www.8coupons.com/apiout/showdeal/deal/14385287/3449003/aff,Smitten Ice Cream,415.863.1518,,432 Octavia Street,San Francisco,CA,37.7761,-122.424,2015-12-06,2015-12-04 05:33:28,Gilt City,,,"Pints To-Go, Sundae Bars & Catering",Two-hour holiday party catering for up to 50 guests Three flavors of your choice Three pairings of your choice Brrr churning ice cream on-site with liquid nitrogen One or two Smitten team members on-site,2185,1850,15,11,,50,http://www.8coupons.com/discounts/smitten-ice-cream-san-francisco-94102,http://cdn1.gilt.com/images/share/uploads/0000/0005/0455/504557952/orig.jpg,http://www.8coupons.com/image/deal/14385287/featured,http://www.8coupons.com/image/deal/14385287
12166451,http://www.8coupons.com/apiout/showdeal/deal/12166451/3449003/aff,Melody Cafe,415.310.8412,,3401 Mission St,San Francisco,CA,37.7421,-122.422,2015-12-06,2015-12-04 00:25:03,Amazon Local,,,$30 to Spend or Dinner for Two or Four at Melody Cafe,"At Melody Cafe, it's more than a meal; it's a full-on Lebanese experience right here in San Francisco. Excite your palate with a delicious Lebanese meal.    $15 for $30 to spend on food and nonalcoholic drinks  $28 (up to $56 value) for a Mediterranean dinner for two  $56 (up to $112 value) for a Mediterranean dinner for four  Ask about their wildly popular special sauce  Light, fresh, and flavorful Lebanese cuisine   Melody Cafe's  Website",30,15,50,15,". ul. li. Limit 1 voucher per purchaser; additional 5 vouchers may be sent as gifts. br. /li. li. Limit 1 voucher redemption per individual. br. /li. li. Limit 1 per table per visit. br. /li. li. Entire value must be used in a single visit. br. /li. li. Valid only for dine-in. br. /li. li. Excludes holidays. br. /li. li. Excludes happy hour. br. /li. li. Dinner for 2 option: includes 2 entrees (up to $17 value each), 2 side platters (up to $6 value each), and 1 dessert (up to $10 value). br. /li. li. Dinner for 4 option: includes 4 entrees (up to $17 value each), 2 side platters (up to $6 value each), and 2 desserts (up to $10 value each). br. /li. li. Available for use beginning the day after purchase. br. /li. li. PROMOTIONAL VALUE EXPIRES 180 DAYS FROM THE PURCHASE DATE. br. /li. li. PAID VALUE DOES NOT EXPIRE. br. /li. /ul.",50,http://www.8coupons.com/discounts/melody-cafe-san-francisco-94110-415-310-8412,http://g-ecx.images-amazon.com/images/G/01/ember/deals/92c1e491918165685e5e145d9e325d38346b28d9a0367a8dac5e2cb45bf118ee,http://www.8coupons.com/image/deal/12166451/featured,http://www.8coupons.com/image/deal/12166451
13011725,http://www.8coupons.com/apiout/showdeal/deal/13011725/3449003/aff,Indian Oven Restaurant,415.626.1628,,233 Fillmore St.,San Francisco,CA,37.7717,-122.431,2015-12-06,2015-12-04 00:24:48,Amazon Local,,,$16 to Spend at Indian Oven Restaurant,"At Indian Oven Restaurant, you can watch as their talented chefs prepare an authentic Indian meal for you. Located in the Lower Haight, this restaurant uses a clay oven to cook their delicious traditional dishes to give you the most flavorful food.   $8 for $16 to spend on food and drink  Lamb, chicken, seafood, and other kinds of tandoori  Vegetarian options available   Indian Oven Restaurant:  Website  |  Menu",16,8,50,8,". ul. li. Limit 1 voucher per purchaser; additional 1 voucher may be sent as a gift. br. /li. li. Limit 1 voucher redemption per individual. br. /li. li. Limit 1 voucher per table per visit. br. /li. li. Valid only after 2:30 p. m. br. /li. li. Reservations are required and subject to availability. Merchant cancellation/rescheduling policy of 24 hours applies; voucher subject to forfeiture. br. /li. li. Excludes happy hour, takeout, and delivery. br. /li. li. Not valid with other promotions or specials. br. /li. li. Discount apportioned among all items purchased. No item provided free. br. /li. li. Valid only at listed location. br. /li. li. Entire value must be used in a single visit. br. /li. li. Available for use immediately after purchase. br. /li. li. PROMOTIONAL VALUE EXPIRES 180 DAYS FROM THE PURCHASE DATE. br. /li. li. PAID VALUE DOES NOT EXPIRE. br. /li. /ul.",50,http://www.8coupons.com/discounts/indian-oven-restaurant-san-francisco-94117,http://g-ecx.images-amazon.com/images/G/01/ember/deals/6d0db202f3f2f63c67ee44464a387f146c2f97fa85dd1c9a6dac2d0d6,http://www.8coupons.com/image/deal/13011725/featured,http://www.8coupons.com/image/deal/13011725
12868603,http://www.8coupons.com/apiout/showdeal/deal/12868603/3449003/aff,GreenLid&nbsp;,415.926.6794,,1000 Van Ness Ave,San Francisco,CA,37.7851,-122.421,2015-12-06,2015-12-04 00:24:51,Amazon Local,,,$10 to Spend on Salads and Smoothies at GreenLid,"Satisfy your hunger the healthy way with this deal from GreenLid. They specialize in tasty alternatives to the typical fast-food fare, concocting salads, smoothies, and other health foods packed with flavor and nutrients.    $5 for $10 to spend on salads and smoothies  Everything made with leafy, nutrient-rich greens and fruits  Fast and convenient health foods   GreenLid:  Website  |  Menu",10,5,50,5,. ul. li. Limit 2 vouchers per purchaser; additional 2 vouchers may be sent as gifts. /li. li. Limit 1 per customer per visit. /li. li. Valid only at listed location. /li. li. Entire value per voucher must be used in a single visit. br. /li. li. Available for use immediately after purchase. br. /li. li. PROMOTIONAL VALUE EXPIRES 180 DAYS FROM THE PURCHASE DATE. /li. li. PAID VALUE DOES NOT EXPIRE. /li. /ul.,50,http://www.8coupons.com/discounts/greenlid-san-francisco-94109,http://g-ecx.images-amazon.com/images/G/01/ember/deals/a7cd053c95fc9f946a3fc736122bcfa28ef292048f87cd0f0ab4832652c8e13a,http://www.8coupons.com/image/deal/12868603/featured,http://www.8coupons.com/image/deal/12868603
11515721,http://www.8coupons.com/apiout/showdeal/deal/11515721/3449003/aff,Aroma Tea Shop,415.362.6588,,845 Washington Street,San Francisco,CA,37.7948,-122.408,2015-12-06,2015-12-04 00:24:51,Amazon Local,,,$40 to Spend at Aroma Tea Shop,"At Aroma Tea Shop, they believe drinking good, real tea all day long is like a little slice of heaven. Find your bliss with today's deal for rich, fragrant teas and products fit for tea lovers from this shop's Inner Richmond or Chinatown locations.    $20 for $40 to spend on tea and products   Hundreds of green, white, black, and herbal teas   Try their most popular tea, ""Blue People Oolong,"" with an amazingly sweet and lingering aftertaste you can't find anywhere else   Purists and connoisseurs, check out their Pu Erh teas: aged, complex, and with a host of potential health benefits   Find all types of tea accessories like a gaiwan, a porcelain cup with a lid used for brewing    Aroma Tea Shop:  Website",40,20,50,20,". ul. li. Limit 1 voucher per purchaser; additional 1 voucher may be sent as a gift. /li. li. Limit 1 voucher redemption per individual. /li. li. Entire value must be used in a single visit. /li. li. span style. ""color: initial;"". Available for use immediately after purchase. /span. br. /li. li. PROMOTIONAL VALUE EXPIRES 180 DAYS FROM THE PURCHASE DATE. /li. li. PAID VALUE DOES NOT EXPIRE. /li. /ul.",100,http://www.8coupons.com/discounts/aroma-tea-shop-san-francisco-94108-415-362-6588,http://g-ecx.images-amazon.com/images/G/01/ember/deals/5fbec2f66d9c582296ce371a2bdef7e9ef2f614b41b9e9780f78ae13b7610cf2,http://www.8coupons.com/image/deal/11515721/featured,http://www.8coupons.com/image/deal/11515721
11765225,http://www.8coupons.com/apiout/showdeal/deal/11765225/3449003/aff,Punch Line Comedy Club,415.397.7573,,444 Battery St,San Francisco,CA,37.7955,-122.4,2015-12-08,2015-12-03 09:11:50,Goldstar,,,COMP  for $16.50 - Punch Line Comedy Club Presents Comedy Allstars,"Forget the usual dinner-and-a-movie and head out for a night of laughs instead. Punch Line Comedy Club, San Francisco's longest-running stand-up venue, presents Comedy Allstars, featuring a rotating lineup of hilarious stand-up comics from the Bay Area and beyond, including top local headliners to up-and-coming stars and comedians with national TV credits. With stars such as Robin Williams, Ellen Degeneres, Rosie O'Donnell, Drew Carey, Chris Rock and more having cut their comedy teeth at the Punch Line, you never know when you're going to see the next big name in comedy.",17,0,100,16,,9,http://www.8coupons.com/discounts/punch-line-comedy-club-san-francisco-94111,https://i.gse.io/gse_media/115/8/1443567079-All-Stars-tickets.jpg?p=1,http://www.8coupons.com/image/deal/11765225/featured,http://www.8coupons.com/image/deal/11765225
14167035,http://www.8coupons.com/apiout/showdeal/deal/14167035/3449003/aff,Chiaroscuro,415.362.6012,,550 Washington St.,San Francisco,CA,37.7956,-122.403,2015-12-06,2015-12-04 05:30:52,Travelzoo,,,"$99 -- Michelin-Recommended Italian Dinner for 2, Reg. $160","The cuisine is ""grounded, solid, and contemporary, yet well-rooted in its history (Michelin)   Rated 4 stars across the board on Yelp, OpenTable and TripAdvisor   Michelin recommends the ""fantastic homemade pastas""   Nestled near the base of the Transamerica building   Chef Alessandro Campitelli is from Rome, where he honed his skills under some of Italy's top chefs   Through March 31, 2016; Lunch: Monday-Friday, Dinner: Monday-Saturday ]].",160,99,38,61,". ![CDATA[Valid during merchant's lunch or dinner hours, depending on option purchased. Lunch is served Monday-Friday; dinner is served Monday-Saturday. Reservations required; subject to availability. Upon arrival, present printed voucher or display in Travelzoo mobile app. Tax, if applicable, and gratuity are not included. Please tip on the full value; 18%-20% is customary for good service. Limit two two-person vouchers per table; limit one four-person voucher per table. Limit two purchases per person; may buy additional as gifts. If limit is exceeded, voucher subject to forfeiture. Not valid on holidays or holiday weekends (call merchant for specific date restrictions). Not valid during special events, such as Restaurant Week. Lunch entrees can be ordered from any section on the lunch menu. ]].",50,http://www.8coupons.com/discounts/chiaroscuro-ristorante-san-francisco-94111,http://www.tzoo-img.com/images/tzoo.87993.0.361625.Chiaroscuro.jpg?v=1&width=514,http://www.8coupons.com/image/deal/14167035/featured,http://www.8coupons.com/image/deal/14167035
12990757,http://www.8coupons.com/apiout/showdeal/deal/12990757/3449003/aff,Tandoori Mahal - Financial District,415.951.0505,,941 Kearny St,San Francisco,CA,37.7967,-122.405,2015-12-06,2015-12-04 00:25:00,Amazon Local,,,$16 to Spend at Tandoori Mahal - Financial District,"Get your fill of rich, authentically prepared Indian food at Tandoori Mahal in the Financial District. Their menu is packed with traditional Indian dishes made with the freshest, most flavorful meats, vegetables, and spices.    $8 for $16 to spend on food and drink  Start with samosas or pakora  Chicken, lamb, seafood, and vegetarian dishes made with potent spices  Soups, salads, and plenty of sides round out the menu   Tandoori Mahal:  Website  |  Menu",16,8,50,8,". ul. li. Limit 1 voucher per purchaser; additional 1 voucher may be sent as a gift. /li. li. Limit 1 voucher redemption per individual. /li. li. Limit 1 voucher per table per visit. /li. li. Valid only after 2:30 p. m. /li. li. Reservations are required and subject to availability. Merchant cancellation/rescheduling policy of 24 hours applies; voucher subject to forfeiture. /li. li. Excludes holidays, happy hour, takeout, and delivery. br. /li. li. Not valid with other promotions or specials. /li. li. Discount apportioned among all items purchased. No item provided free. br. /li. li. Valid only at listed location. /li. li. Entire value must be used in a single visit. br. /li. li. Available for use immediately after purchase. /li. li. PROMOTIONAL VALUE EXPIRES 180 DAYS FROM THE PURCHASE DATE. /li. li. PAID VALUE DOES NOT EXPIRE. /li. /ul.",50,http://www.8coupons.com/discounts/tandoori-mahal-san-francisco-94111,http://g-ecx.images-amazon.com/images/G/01/ember/deals/75f7a3da591daf1ecbc2aa2d6867b421b7c3d57e55e73822f458d7f7b3cce7,http://www.8coupons.com/image/deal/12990757/featured,http://www.8coupons.com/image/deal/12990757
12890951,http://www.8coupons.com/apiout/showdeal/deal/12890951/3449003/aff,Troya,415.563.1000,,2125 Fillmore St,San Francisco,CA,37.7894,-122.434,2015-12-06,2015-12-04 00:24:52,Amazon Local,,,$30 to Spend at Troya Mediterranean Kitchen,"Troya Mediterranean Kitchen brings a unique, modern approach to Turkish-inspired Mediterranean cuisine, offering local and organic ingredients as often as possible. Grab this deal and sample the delicious flavors of their expertly prepared dishes.     $15 for $30 to spend on food and drink at dinner, lunch, or brunch   Savory kebabs, Anatolian flatbreads, lavash wraps, and more   Vegetarian, vegan, and gluten-free options available   Offering an eclectic wine menu   Sleek, inviting atmosphere      Troya Mediterranean Kitchen:  Website  |  Menu",30,15,50,15,. ul. li. Limit 1 voucher per purchaser; additional 1 voucher may be sent as a gift. br. /li. li. Limit 1 voucher redemption per individual. br. /li. li. Limit 1 per table per visit. br. /li. li. Reservations are required and subject to availability. Merchant cancellation/rescheduling policy of 24 hours applies; voucher subject to forfeiture. br. /li. li. Entire value must be used in a single visit. br. /li. li. Valid only for option purchased. br. /li. li. Excludes holidays and happy hour. br. /li. li. Valid only for dine-in. br. /li. li. Discount apportioned among all items purchased. No item provided free. br. /li. li. Brunch is available on Saturday and Sunday from  11:30 a. m. to 3 p. m. br. /li. li. Valid only at listed location. br. /li. li. Available for use immediately after purchase. /li. li. PROMOTIONAL VALUE EXPIRES 180 DAYS FROM THE PURCHASE DATE. /li. li. PAID VALUE DOES NOT EXPIRE. /li. /ul.,50,http://www.8coupons.com/discounts/troya-san-francisco-94115,http://g-ecx.images-amazon.com/images/G/01/ember/deals/25dc4138695d5f54b7b47f227962b6e3ca1d7149ca0c38597d0d48380304f2b,http://www.8coupons.com/image/deal/12890951/featured,http://www.8coupons.com/image/deal/12890951
13017525,http://www.8coupons.com/apiout/showdeal/deal/13017525/3449003/aff,Sakesan Sushi & Bistro,415.876.6313,,626 Clement St,San Francisco,CA,37.7831,-122.466,2015-12-06,2015-12-04 00:24:53,Amazon Local,,,$30 to Spend at Sakesan Sushi & Bistro,"The skilled chefs at Sakesan Sushi & Bistro are known for making some of the city's favorite sushi creations. Grab this deal and experience their delicious, artfully presented dishes for yourself.   $15 for $30 to spend on food and drink  Serving classic sushi rolls and varieties of special signature rolls  Daily oyster specials, sushi, sashimi, and more  Perfect for dinner for two, group of friends, or any special occasion   Sakesan Sushi & Bistro:  Website  |  Menu",30,15,50,15,. ul. li. Limit 1 voucher per purchaser; additional 1 voucher may be sent as a gift. br. /li. li. Limit 1 voucher redemption per individual. br. /li. li. Limit 1 per table per visit. br. /li. li. Entire value must be used in a single visit. br. /li. li. Valid only for dine-in. br. /li. li. Excludes holidays and happy hour. br. /li. li. Discount apportioned among all items purchased. No item provided free. br. /li. li. Available for use immediately after purchase. /li. li. PROMOTIONAL VALUE EXPIRES 180 DAYS FROM THE PURCHASE DATE. /li. li. PAID VALUE DOES NOT EXPIRE. /li. /ul.,50,http://www.8coupons.com/discounts/sakesan-bistro-san-francisco-94118,http://g-ecx.images-amazon.com/images/G/01/ember/deals/01dabf9375c7b56f91907621c6942ec3d8f009e1f371a4ce703cf3e8bd9f43b5,http://www.8coupons.com/image/deal/13017525/featured,http://www.8coupons.com/image/deal/13017525
12932467,http://www.8coupons.com/apiout/showdeal/deal/12932467/3449003/aff,Arashi Sushi House,415.386.8648,https://www.facebook.com/arashisushihouse/timeline?ref=page_internal,4724 Geary Blvd,San Francisco,CA,37.7811,-122.47,2015-12-06,2015-12-04 00:24:56,Amazon Local,,,$26 for $53 - Meal for Two at Arashi Sushi House,"Dig into some of the area's freshest, tastiest sushi creations with a visit to Arashi Sushi House. This popular dining destination has earned legions of loyal customers thanks to its friendly service and artfully plated dishes.   $26 ($53 value) for a sushi meal for two  Try classic rolls like spicy tuna or sample their signature creations  Includes 2 miso soups, 1 bowl of garlic edamame, 4 pieces of agedashi tofu, 4 pieces of tempura, 6 pieces of plum sake sashimi, and 2 rolls from a special menu  Great for the whole family   Arashi Sushi House:  Facebook",53,26,51,27,". ul. li. Limit 1 voucher per purchaser; additional 1 voucher may be sent as a gift. /li. li. Limit 1 voucher redemption per individual. /li. li. Limit 1 per table per visit. /li. li. Entire value must be used in a single visit. /li. li. Includes 2 miso soups, 1 bowl of garlic edamame, 4 pieces of agedashi tofu, 4 pieces of tempura, 6 pieces of plum sake sashimi, and 2 rolls from a special menu. /li. li. Discount apportioned among all items purchased. No item provided free. /li. li. Entire value must be used in a single visit. /li. li. Available for use immediately after purchase. /li. li. PROMOTIONAL VALUE EXPIRES 180 DAYS FROM THE PURCHASE DATE. /li. li. PAID VALUE DOES NOT EXPIRE. /li. /ul.",50,http://www.8coupons.com/discounts/arashi-sushi-house-san-francisco-94118,http://g-ecx.images-amazon.com/images/G/01/ember/deals/7b2e998f958a2daea8a88053a280ed3fb630aef930a9d6d594ac5a1de74a908d,http://www.8coupons.com/image/deal/12932467/featured,http://www.8coupons.com/image/deal/12932467
12998415,http://www.8coupons.com/apiout/showdeal/deal/12998415/3449003/aff,Clay Oven Indian Restaurant,415.731.2400,,385 West Portal Ave.,San Francisco,CA,37.7367,-122.47,2015-12-06,2015-12-04 00:24:49,Amazon Local,,,$16 to Spend at Clay Oven Indian Restaurant,"Get your fill of rich, authentically prepared Indian food at Clay Oven Indian Restaurant. Their menu is packed with traditional Indian dishes made with the freshest, most flavorful meats, vegetables, and spices.    $8 for $16 to spend on food and drink  Start with samosas or pakora  Chicken, lamb, seafood, and vegetarian dishes made with potent spices  Soups, salads, and plenty of sides round out the menu   Clay Oven Indian Restaurant:  Website  |  Menu",16,8,50,8,". ul. li. Limit 1 voucher per purchaser; additional 1 voucher may be sent as a gift. /li. li. Limit 1 voucher redemption per individual. /li. li. Limit 1 voucher per table per visit. /li. li. Valid only after 2:30 p. m. /li. li. Reservations are required and subject to availability. Merchant cancellation/rescheduling policy of 24 hours applies; voucher subject to forfeiture. /li. li. Excludes happy hour, takeout, and delivery. /li. li. Not valid with other promotions or specials. /li. li. Discount apportioned among all items purchased. No item provided free. /li. li. Valid only at listed location. /li. li. Entire value must be used in a single visit. br. /li. li. Available for use immediately after purchase. /li. li. PROMOTIONAL VALUE EXPIRES 180 DAYS FROM THE PURCHASE DATE. /li. li. PAID VALUE DOES NOT EXPIRE. /li. /ul.",50,http://www.8coupons.com/discounts/clay-oven-indian-restaurant-san-francisco-94127,http://g-ecx.images-amazon.com/images/G/01/ember/deals/276bc3d180bd495498a5f8fa37c3fd253b147734f7e5495eff1e8cdee71ccaad,http://www.8coupons.com/image/deal/12998415/featured,http://www.8coupons.com/image/deal/12998415
13295679,http://www.8coupons.com/apiout/showdeal/deal/13295679/3449003/aff,Al-Masri,415.876.2300,http://www.almasrisfca.com/,4031 Balboa Street,San Francisco,CA,37.7754,-122.502,2015-12-06,2015-12-04 00:25:40,Amazon Local,,,$24 to Spend at Al-Masri,"Discover the subtle and flavorful pleasures of fresh, authentic Egyptian cuisine at Al-Masri. Whether you stop by for an intimate meal or a lively Sunday dinner with music and belly dancing, you'll have a memorable and unique experience.   $12 for $24 to spend on food and drink  Remarkable grilled meats  Surprising spice and herb combinations   Al-Masri:  Website  |  Menu",24,12,50,12,". ul. li. Limit 1 voucher per purchaser; additional 2 vouchers may be sent as gifts. br. /li. li. Limit 1 voucher redemption per individual. br. /li. li. Limit 1 voucher per table/party per visit. br. /li. li. Reservations are required and subject to availability. Merchant cancellation/rescheduling policy of 24 hours applies; voucher subject to forfeiture. /li. li. Excludes takeout, delivery, and holidays. br. /li. li. Valid for Sunday all-you-can-eat dinner buffet. /li. li. Discount apportioned among all items purchased. No item provided free. br. /li. li. Valid only at listed location. /li. li. Entire value must be used in a single visit. br. /li. li. Available for use immediately after purchase. /li. li. PROMOTIONAL VALUE EXPIRES 180 DAYS FROM THE PURCHASE DATE. /li. li. PAID VALUE DOES NOT EXPIRE. /li. /ul.",50,http://www.8coupons.com/discounts/al-masri-san-francisco-94121,http://g-ecx.images-amazon.com/images/G/01/ember/deals/3418deebe481b6b0d5463b9dda195c8515e899a1551229e1ee77a5c2902ae038,http://www.8coupons.com/image/deal/13295679/featured,http://www.8coupons.com/image/deal/13295679
13586533,http://www.8coupons.com/apiout/showdeal/deal/13586533/3449003/aff,Pasta Pelican Waterfront Restaurant,510.864.7427,,2455 MARINER SQUARE DR,Alameda,CA,37.7876,-122.276,2015-12-06,2015-12-04 05:30:59,Travelzoo,,,$25 -- Alameda: Waterfront Dining for 2 at Pasta Pelican,"This ""charming Italian-American eatery"" is a ""vacation-like getaway"" (Alameda Magazine)   Travelzoo members praise the views, service and food   ""A popular Mariner Square destination"" (Oakland Magazine)   ""The pasta is the focus here""; Oakland Mag praises the azzurro delizia and puttanesca   Jan. 2, 2016 - April 30, 2016 ]].",40,25,38,15,". ![CDATA[. b. Vouchers can be redeemed starting Jan. 2, 2016. /b. ; valid during merchant's operating hours. Reservations required; subject to availability. Upon arrival, present printed voucher or display in Travelzoo mobile app. Tax, if applicable, and gratuity are not included. Please tip on the full value; 18-20% is customary for good service. Must order at least one food dish. Limit one voucher per table. Not valid on holidays or holiday weekends, including New Year's Eve, Valentine's Day, the lighted boat parade and any federal holidays (call merchant for specific date restrictions). Limit one purchase per person; may buy additional as gifts. If limit is exceeded, voucher subject to forfeiture. Not valid during special events, such as Restaurant Week. ]].",50,http://www.8coupons.com/discounts/pasta-pelican-restaurant-oakland-94622,http://www.tzoo-img.com/images/tzoo.hd.57822.0.131435.Pasta.jpg?v=1&width=514,http://www.8coupons.com/image/deal/13586533/featured,http://www.8coupons.com/image/deal/13586533
12428603,http://www.8coupons.com/apiout/showdeal/deal/12428603/3449003/aff,Dragon Gate Bar and Grille,510.922.8032,,300 Broadway,Oakland,CA,37.7968,-122.276,2015-12-06,2015-12-04 00:50:31,Amazon Local,,,$22 to Spend at Dragon Gate Bar and Grille,"Kick your evening into high gear with today's deal from Dragon Gate Bar & Grille. This upscale lounge boasts cool, authentic Chinese decor, delicious cocktails, and a menu brimming with tasty pub fare.   $11 for $22 to spend on food and drink  Enjoy great music, friendly staff, and cocktails done right, including their signature Manhattan   Three private karaoke rooms   Relax over drinks with friends and catch the big game on one of the large flat-screen televisions   Dragon Gate Bar & Grille on  Facebook",22,11,50,11,. p. /p. p. /p. ul. li. Limit 1 voucher per purchaser; additional 1 voucher may be sent as a gift. br. /li. li. Limit 1 voucher redemption per individual. br. /li. li. Limit 1 per table per visit. br. /li. li. Entire value must be used in a single visit. br. /li. li. Valid only for dine-in. br. /li. li. Customer must purchase at least 1 food item; voucher cannot be solely used on alcohol. br. /li. li. Excludes happy hour prices and happy hour menu. br. /li. li. Discount apportioned among all items purchased. No item provided free. /li. li. Available for use beginning the day after purchase. br. /li. li. PROMOTIONAL VALUE EXPIRES 180 DAYS FROM THE PURCHASE DATE. br. /li. li. PAID VALUE DOES NOT EXPIRE. br. /li. /ul. p. /p. p. /p.,50,http://www.8coupons.com/discounts/dragon-gate-bar-and-grille-oakland-94607,http://g-ecx.images-amazon.com/images/G/01/ember/deals/bb41b245f6d08910382a2862f3d8ead4a0d3548e4861443347ac2390dedc66,http://www.8coupons.com/image/deal/12428603/featured,http://www.8coupons.com/image/deal/12428603
14010137,http://www.8coupons.com/apiout/showdeal/deal/14010137/3449003/aff,Spice Monkey,510.268.0170,,1628 Webster St,Oakland,CA,37.8054,-122.268,2015-12-08,2015-12-03 09:12:09,Goldstar,,,"$5.00 for $10.00 - Watch Comics Battle and Cheer for Your Favorites at ""Comedy Machine Oakland""","It's a one-night comedy tournament and you and your fellow audience members will determine the fates of the comics at  Comedy Machine Oakland. Watch the best of the Bay Area's stand-up comedians as they bring their A-game to the stage at Spice Monkey, a restaurant and bar featuring globally inspired cuisine and delicious cocktails. The comedy rumble will be hosted by comics Ira Summer and Samson ""Mahatma Moses"" Koletar, who's known as ""the world's only Indian Jewish stand-up comedian. "" The lineup of contenders will change each night, so this is one you'll want to come to again and again.",10,5,50,5,,2,http://www.8coupons.com/discounts/spice-monkey-cafe-oakland-94612,https://i.gse.io/gse_media/115/8/1441912811-comedy_machine_tickets.jpg?p=1,http://www.8coupons.com/image/deal/14010137/featured,http://www.8coupons.com/image/deal/14010137
14374313,http://www.8coupons.com/apiout/showdeal/deal/14374313/3449003/aff,Mayes Oyster House,415.332.1500,,100 Spinnaker Dr,Sausalito,CA,37.8571,-122.479,2015-12-08,2015-12-03 09:10:59,Goldstar,,,$5.00 for $10.00 - Singles Holiday Dance: Mix & Mingle With the Jingling Beat,"Make your season extra bright by mingling, flirting and making new friends at this holiday get-together for singles at The Spinnaker in Sausalito. Floor-to-ceiling windows at this venue give you panoramic views of the Sausalito waterfront, San Francisco skyline, Angel Island, Belvedere, Alcatraz and the Bay Bridge. You'll be able to show off your best moves on the dance floor as a DJ plays your favorite Top-40 hits. Adults of all ages are welcome at this Society of Single Professionals event, so wear your best, festive holiday attire and get ready to celebrate the season.",10,5,50,5,,1,http://www.8coupons.com/discounts/spinnaker-restaurant-sausalito-94965,https://i.gse.io/gse_media/115/10/1448819591-san_francisco_singles_holiday_party_tickets.jpg?p=1,http://www.8coupons.com/image/deal/14374313/featured,http://www.8coupons.com/image/deal/14374313
13214407,http://www.8coupons.com/apiout/showdeal/deal/13214407/3449003/aff,3KB Sports Bar,510.865.2344,,3000 Broadway,Oakland,CA,37.8188,-122.262,2015-12-08,2015-12-03 09:12:20,Goldstar,,,"COMP  for $10.00 - ""TMI Storytelling"": True Tales With No Boundaries","Raw stories and real spit rule the mic during  TMI Storytelling , an unpolished monthly show inspired by  The Moth  and  Snap Judgment. Bay Area comedian Gina Gold hosts this comedic series, which covers funny, provocative topics and features a rotating cast of burlesque performers, musicians, circus contortionists and storytellers giving a unadulterated, often hardcore look at life. You'll hear 10-minute tales of heartbreak and woe, peppered with humorous asides and serious commentary highlighting a new theme each month. You might even take home a door prize giveaway at  TMI Storytelling  at 3KB Sports Bar.",10,0,100,10,,1,http://www.8coupons.com/discounts/3kb-sports-bar-oakland-94611,https://i.gse.io/gse_media/115/9/1445292859-TMI-Storytelling-tickets.jpg?p=1,http://www.8coupons.com/image/deal/13214407/featured,http://www.8coupons.com/image/deal/13214407
13279687,http://www.8coupons.com/apiout/showdeal/deal/13279687/3449003/aff,Lotus Thai Cuisine,510.658.8491,,4133 Piedmont Avenue,Oakland,CA,37.8269,-122.252,2015-12-06,2015-12-04 00:50:30,Amazon Local,,,$24 to Spend at Lotus Thai Cuisine,"Satisfy your craving for your favorite Thai fare at Lotus Thai Cuisine, featuring expertly prepared dishes sure to delight your palate.   $12 for $24 to spend on food and drink  Generous portions of all your favorites. curries, pad Thai, satay, and more  Colorful and inviting atmosphere",24,12,50,12,". ul. li. Limit 1 voucher per purchaser; additional 1 voucher may be sent as a gift. br. /li. li. Limit 1 voucher redemption per individual. br. /li. li. Limit 1 per table per visit. br. /li. li. Entire value must be used in a single visit. br. /li. li. Excludes holidays. br. /li. li. Excludes happy hour. br. /li. li. Valid only for dine-in. br. /li. li. Not valid with other coupons, offers, or specials. br. /li. li. Discount apportioned among all items purchased. No item provided free. br. /li. li. Available for use immediately after purchase. /li. li. PROMOTIONAL VALUE EXPIRES 180 DAYS FROM THE PURCHASE DATE. /li. li. PAID VALUE DOES NOT EXPIRE. /li. /ul.",50,http://www.8coupons.com/discounts/lotus-thai-cuisine-oakland-94661,http://g-ecx.images-amazon.com/images/G/01/ember/deals/65f2bf676b1d7afd77f820833ec5598796e9f43e63b43884269491651e8df7,http://www.8coupons.com/image/deal/13279687/featured,http://www.8coupons.com/image/deal/13279687
13022559,http://www.8coupons.com/apiout/showdeal/deal/13022559/3449003/aff,Khana Peena,510.658.2300,,5316 College Avenue,Oakland,CA,37.8384,-122.251,2015-12-06,2015-12-04 00:50:33,Amazon Local,,,$20 to Spend at Khana Peena Oakland,"Oakland may be a long way from Bombay, but with today's deal from Khana Peena Indian Cuisine, the tastes of contemporary Indian cuisine are just down the street. Head to Khana Peena for delicious dishes full of flavor and fresh ingredients.   $10 for $20 to spend on food and drink  Appetizers include vegetable samosas, fried lentil wafers, and tandoori chicken  Popular entr. es like baked eggplant and onions, lamb with Indian spices, and fish curry  Pair your meal with that perfect glass of beer or wine    Khana Peena:  Website  |  Menu",20,10,50,10,. ul. li. Limit 1 voucher per purchaser; additional 1 voucher may be sent as a gift. br. /li. li. Limit 1 voucher redemption per individual. br. /li. li. Limit 1 per table per visit. br. /li. li. Reservations are recommended and subject to availability; Merchant cancellation/rescheduling policy of 24 hours applies; voucher subject to forfeiture. br. /li. li. Entire value must be used in a single visit. /li. li. Discount apportioned among all items purchased. No item provided free. br. /li. li. Valid only at listed location. br. /li. li. Valid only for dine-in. br. /li. li. Excludes happy hour and buffet. /li. li. Available for use immediately after purchase. /li. li. PROMOTIONAL VALUE EXPIRES 180 DAYS FROM THE PURCHASE DATE. /li. li. PAID VALUE DOES NOT EXPIRE. /li. /ul.,50,http://www.8coupons.com/discounts/khana-peena-oakland-94661,http://g-ecx.images-amazon.com/images/G/01/ember/deals/9b285efc6a3d2e5ca82898e39cd783fda99ba5b7502d3215b0c1e95e83d8d3,http://www.8coupons.com/image/deal/13022559/featured,http://www.8coupons.com/image/deal/13022559
13201173,http://www.8coupons.com/apiout/showdeal/deal/13201173/3449003/aff,Himalayan Flavors,510.704.0174,,1585 University Ave,Berkeley,CA,37.8707,-122.28,2015-12-06,2015-12-04 00:50:36,Amazon Local,,,$22 to Spend at Himalayan Flavors,"Indulge in the delicious tastes of the Himalayas with this deal from Himalayan Flavors. This welcoming eatery combines fresh and local ingredients with an innovative menu and excellent service for a meal you won't soon forget.   $11 for $22 to spend on food and drink  Incredible cuisine from Nepal, India, and Pakistan  Large selection of vegetarian dishes  Open for lunch and dinner seven days a week   Himalayan Flavors:  Website  |  Menu",22,11,50,11,. ul. li. Limit 1 voucher per purchaser; additional 1 voucher may be sent as a gift. br. /li. li. Limit 1 voucher redemption per individual. br. /li. li. Limit 1 per table per visit. br. /li. li. Reservations are required Friday and Saturday nights and subject to availability. Merchant cancellation/rescheduling policy of 24 hours applies; voucher subject to forfeiture. /li. li. Valid only for dine-in. br. /li. li. Excludes lunch specials. br. /li. li. Discount apportioned among all items purchased. No item provided free. br. /li. li. Entire value must be used in a single visit. br. /li. li. Available for use beginning the day after purchase. br. /li. li. PROMOTIONAL VALUE EXPIRES 180 DAYS FROM THE PURCHASE DATE. /li. li. PAID VALUE DOES NOT EXPIRE. /li. /ul.,50,http://www.8coupons.com/discounts/himalayan-flavors-restaurant-berkeley-94703,http://g-ecx.images-amazon.com/images/G/01/ember/deals/35a85dac35d7a7c8c2b9f43c7ebd238689c2ecdc7a667aa4b88bf283be164,http://www.8coupons.com/image/deal/13201173/featured,http://www.8coupons.com/image/deal/13201173
12712457,http://www.8coupons.com/apiout/showdeal/deal/12712457/3449003/aff,Great Wall Chinese Restaurant,510.658.8458,http://greatwallrockridge.com/,6247 College Ave,Oakland,CA,37.8501,-122.253,2015-12-06,2015-12-04 00:50:32,Amazon Local,,,$20 to Spend at Great Wall Chinese Restaurant,"Great Wall Chinese Restaurant is the perfect spot to get your fill of tasty, authentic Chinese cuisine. Pick up today's deal and stop by to sample their extensive menu of traditional and vegetarian dishes.   $10 for $20 to spend on food and drink for two or more  Vast menu of vegetarian selections, including tofu and faux-meat chicken and pork dishes  Other options range from rice and noodles to fresh seafood and ceramic pot street food  Complement your meal with a cold beer or glass of sake or wine   Great Wall Chinese Restaurant:  Website  |  Menu",20,10,50,10,. p. /p. ul. li. Limit 1 voucher per purchaser; additional 1 voucher may be sent as a gift. br. /li. li. Limit 1 voucher redemption per individual. br. /li. li. Limit 1 per table per visit. br. /li. li. Valid only for dine-in. br. /li. li. Must 21.  with valid ID to consume alcohol. br. /li. li. Discount apportioned among all items purchased. No item provided free. br. /li. li. Excludes lunch specials and family diners. /li. li. Entire value must be used in a single visit. br. /li. li. Available for use immediately after purchase. br. /li. li. PROMOTIONAL VALUE EXPIRES 180 DAYS FROM THE PURCHASE DATE. br. /li. li. PAID VALUE DOES NOT EXPIRE. br. /li. /ul. p. /p.,50,http://www.8coupons.com/discounts/great-wall-chinese-restaurant-oakland-94618,http://g-ecx.images-amazon.com/images/G/01/ember/deals/a303c4b476fe34fb53891ebaa07cded4431ddb90ca3d1b2b6b47bbe9ed6f8,http://www.8coupons.com/image/deal/12712457/featured,http://www.8coupons.com/image/deal/12712457
14309103,http://www.8coupons.com/apiout/showdeal/deal/14309103/3449003/aff,The Freight and Salvage Coffee House,510.644.2020,,2020 Addison Street,Berkeley,CA,37.8707,-122.27,2015-12-08,2015-12-03 09:12:46,Goldstar,,,"$9.00  for $18.00  - ""Chitty Chitty Bang Bang"": A High-Flying Musical Adventure","Great storytellers often save their best stuff for their own kids. A. A. Milne created the world of Pooh for his son, (the real) Christopher Robin. L. Frank Baum's  The Wizard of Oz  started out as a bedtime story. Likewise, Ian Fleming wrote  Chitty Chitty Bang Bang  specifically for his little one. Since then, millions of children have experienced the wacky thrills of Fleming's tall tale, thanks to the original novel and the manic 1968 movie musical. Now,  Chitty Chitty Bang Bang  reaches a new generation with a special musical version for young audiences. Sing along as young heroes, Jeremy and Jemima, take on the wicked Vulgarians and their Baron, who want to steal Chitty Chitty Bang Bang, the amazing flying car. Music from the Sherman Brothers ( Mary Poppins ), including songs like ""Truly Scrumptious,"" ""Hushabye Mountain"" and, of course, the Oscar-nominated title song, adds even more magic to this magical production from Bay Area Children's Theatre.",18,9,50,9,,1,http://www.8coupons.com/discounts/the-freight-and-salvage-coffee-house-berkeley-94704,https://i.gse.io/gse_media/115/10/1447101158-1445468842-4803270-chitty_chitty_bang_bang_tickets.jpg?p=1,http://www.8coupons.com/image/deal/14309103/featured,http://www.8coupons.com/image/deal/14309103
13220143,http://www.8coupons.com/apiout/showdeal/deal/13220143/3449003/aff,Le Bateau Ivre,510.849.1100,,2629 Telegraph Ave,Berkeley,CA,37.8625,-122.259,2015-12-06,2015-12-04 00:50:32,Amazon Local,,,$22 or $60 to Spend at Le Bateau Ivre,"With elegant hardwood floors, low lighting, and rustic brick walls, Le Bateau Ivre offers a dining atmosphere like no other. Pick up today's deal and enjoy a culinary experience you'll want to repeat.      $11 for $22 to spend on food and drink   $30 for $60 to spend on food and drink   Soup, salads, appetizers, and cheese plates to start   Grilled chicken, salmon cakes, spicy Italian sausage, lamb with walnut sauce, and pasta dishes     Le Bateau Ivre:  Website  |  Menu",22,11,50,11,. ul. li. Limit 1 voucher per purchaser; additional 1 voucher may be sent as a gift. br. /li. li. Limit 1 voucher redemption per individual. br. /li. li. Limit 1 per table per visit. br. /li. li. Reservations for dinner are required and subject to availability. Merchant cancellation/rescheduling policy of 24 hours applies; voucher subject to forfeiture. br. /li. li. Entire value must be used in a single visit. br. /li. li. Discount apportioned among all items purchased. No item provided free. br. /li. li. Valid only for dine-in. br. /li. li. Excludes Mother's Day and Easter. br. /li. li. Available for use beginning the day after purchase. /li. li. PROMOTIONAL VALUE EXPIRES 180 DAYS FROM THE PURCHASE DATE. /li. li. PAID VALUE DOES NOT EXPIRE. /li. /ul.,50,http://www.8coupons.com/discounts/le-bateau-ivre-restaurant-berkeley-94704,http://g-ecx.images-amazon.com/images/G/01/ember/deals/48bca756e103426e6113fb9741b935edd6782da5fc0b94173c11b1bb5fe434a,http://www.8coupons.com/image/deal/13220143/featured,http://www.8coupons.com/image/deal/13220143
12847793,http://www.8coupons.com/apiout/showdeal/deal/12847793/3449003/aff,Delicateses La Plaza,415.341.8542,,2598 Folsom St,San Francisco,CA,37.7557,-122.414,2015-12-13,2015-12-02 10:51:30,yelp,,,$50 for $75 Certificate,"You get a voucher redeemable for $75 at Delicateses La Plaza. Print out your voucher, or redeem on your phone with the  Yelp app .",75,50,33,25,,1,http://www.8coupons.com/discounts/delicateses-la-plaza-san-francisco-94110,http://8coupons.com/images/btypes/eat.jpg,http://www.8coupons.com/image/deal/12847793/featured,http://www.8coupons.com/image/deal/12847793
11140611,http://www.8coupons.com/apiout/showdeal/deal/11140611/3449003/aff,Bissap Baobab,415.826.9287,,2323 Mission St,San Francisco,CA,37.7598,-122.419,2015-12-14,2015-12-03 00:06:50,yelp,,,$28 for $40 Certificate,"You get a voucher redeemable for $40 at Bissap Baobab. Print out your voucher, or redeem on your phone with the  Yelp app .",40,28,30,12,,1,http://www.8coupons.com/discounts/bissap-baobab-san-francisco-94110,http://s3-media1.fl.yelpcdn.com/dphoto/oqiu3clzllG8inmq5g8IIg/l.jpg,http://www.8coupons.com/image/deal/11140611/featured,http://www.8coupons.com/image/deal/11140611
13563617,http://www.8coupons.com/apiout/showdeal/deal/13563617/3449003/aff,El Toro Taqueria,415.431.3351,,598 Valencia Street,San Francisco,CA,37.7634,-122.422,2015-12-14,2015-12-03 00:06:04,yelp,,,$7 for $10 Certificate,"You get a voucher redeemable for $10 at El Toro Taqueria. Print out your voucher, or redeem on your phone with the  Yelp app .",10,7,30,3,,1,http://www.8coupons.com/discounts/el-toro-taqueria-san-francisco-94114,http://8coupons.com/images/btypes/eat.jpg,http://www.8coupons.com/image/deal/13563617/featured,http://www.8coupons.com/image/deal/13563617
12556957,http://www.8coupons.com/apiout/showdeal/deal/12556957/3449003/aff,Paella Time,415.967.3550,,,San Francisco,CA,37.78,-122.42,2015-12-12,2015-12-01 10:28:55,yelp,,,$80 for $100 Certificate,"You get a voucher redeemable for $100 at Paella Time. Print out your voucher, or redeem on your phone with the  Yelp app .",100,80,20,20,,1,http://www.8coupons.com/discounts/paella-time-san-francisco-94147,http://8coupons.com/images/btypes/eat.jpg,http://www.8coupons.com/image/deal/12556957/featured,http://www.8coupons.com/image/deal/12556957
12566573,http://www.8coupons.com/apiout/showdeal/deal/12566573/3449003/aff,Fearless Coffee,415.692.0181,,303 2nd St,San Francisco,CA,37.7858,-122.396,2015-12-15,2015-12-04 00:59:23,yelp,,,$25 for $30 Certificate,"You get a voucher redeemable for $30 at Fearless Coffee. Print out your voucher, or redeem on your phone with the  Yelp app .",30,25,17,5,,1,http://www.8coupons.com/discounts/fearless-san-francisco-94107,http://8coupons.com/images/btypes/eat.jpg,http://www.8coupons.com/image/deal/12566573/featured,http://www.8coupons.com/image/deal/12566573
12827427,http://www.8coupons.com/apiout/showdeal/deal/12827427/3449003,Oz Pizza*,415.861.2525,,508 Castro St,San Francisco,CA,37.7607,-122.435,2015-12-13,2015-08-04 05:15:21,valpak,,,"$5 OFF Any X-Large 20"" or $4 OFF Any Large 18"" Pizzas   ",,,,,,To Redeem Online: Enter Code VPOZ01. Limited Time Offer One coupon per customer. One coupon per party. Coupons may not be combined with any other offer. Must present coupon at time of order. Must present coupon at time of purchase.,3,http://www.8coupons.com/discounts/oz-pizza-san-francisco-94114,https://www.valpak.com/img/slug/OzLogo2.JPG,http://www.8coupons.com/image/deal/12827427/featured,http://www.8coupons.com/image/deal/12827427
13491695,http://www.8coupons.com/apiout/showdeal/deal/13491695/3449003/aff,GreenLid Studiomix,415.926.6794,,1000 Van Ness Ave,San Francisco,CA,37.7851,-122.421,2015-12-14,2015-12-03 00:06:50,yelp,,,$5 for $10 Certificate,"You get a voucher redeemable for $10 at GreenLid Studiomix. Print out your voucher, or redeem on your phone with the  Yelp app .",10,5,50,5,,1,http://www.8coupons.com/discounts/greenlid-san-francisco-94109,http://8coupons.com/images/btypes/eat.jpg,http://www.8coupons.com/image/deal/13491695/featured,http://www.8coupons.com/image/deal/13491695
9432006,http://www.8coupons.com/apiout/showdeal/deal/9432006/3449003/aff,Doc's Classic,510.379.5582,,,San Francisco,CA,37.7905,-122.394,2015-12-15,2015-12-04 00:59:24,yelp,,,$15 for $20 Certificate,"You get a voucher redeemable for $20 at Doc's Classic. Print out your voucher, or redeem on your phone with the  Yelp app .",20,15,25,5,,1,http://www.8coupons.com/discounts/doc-s-of-the-bay-san-francisco-94105-510-379-5582,http://s3-media4.fl.yelpcdn.com/dphoto/-tf11CLr_LEfWUs3bTdTcw/l.jpg,http://www.8coupons.com/image/deal/9432006/featured,http://www.8coupons.com/image/deal/9432006
13569443,http://www.8coupons.com/apiout/showdeal/deal/13569443/3449003/aff,Giovanni's Pizza Bistro,415.647.6122,,3839 Mission St.,San Francisco,CA,37.7355,-122.424,2015-12-14,2015-12-03 17:49:12,yelp,,,$25 for $30 Certificate,"You get a voucher redeemable for $30 at Giovanni's Pizza Bistro. Print out your voucher, or redeem on your phone with the  Yelp app .",30,25,17,5,,1,http://www.8coupons.com/discounts/giovanni-s-pizza-bistro-san-francisco-94110,http://8coupons.com/images/btypes/eat.jpg,http://www.8coupons.com/image/deal/13569443/featured,http://www.8coupons.com/image/deal/13569443
14205621,http://www.8coupons.com/apiout/showdeal/deal/14205621/3449003/aff,Elixiria,415.948.6537,,25 Beale St,San Francisco,CA,37.792,-122.396,2015-12-15,2015-12-04 00:59:22,yelp,,,$25 for $30 Certificate,"You get a voucher redeemable for $30 at Elixiria. Print out your voucher, or redeem on your phone with the  Yelp app .",30,25,17,5,,1,http://www.8coupons.com/discounts/elixiria-san-francisco-94105-415-948-6537,http://8coupons.com/images/btypes/eat.jpg,http://www.8coupons.com/image/deal/14205621/featured,http://www.8coupons.com/image/deal/14205621
14198513,http://www.8coupons.com/apiout/showdeal/deal/14198513/3449003/aff,Fresco Pizza Shawarma,415.440.4410,,1338 Polk St,San Francisco,CA,37.7894,-122.42,2015-12-14,2015-12-03 17:19:06,yelp,,,$50 for $60 Certificate,"You get a voucher redeemable for $60 at Fresco Pizza Shawarma. Print out your voucher, or redeem on your phone with the  Yelp app .",60,50,17,10,,1,http://www.8coupons.com/discounts/fresco-pizza-shawarma-san-francisco-94109,http://8coupons.com/images/btypes/eat.jpg,http://www.8coupons.com/image/deal/14198513/featured,http://www.8coupons.com/image/deal/14198513
11701761,http://www.8coupons.com/apiout/showdeal/deal/11701761/3449003/aff,Gaylord India Restaurant,415.397.7775,,Promenade Level,San Francisco,CA,37.7944,-122.4,2015-12-15,2015-12-04 00:59:25,yelp,,,$15 for $20 Certificate,"You get a voucher redeemable for $20 at Gaylord India Restaurant. Print out your voucher, or redeem on your phone with the  Yelp app .",20,15,25,5,,1,http://www.8coupons.com/discounts/gaylord-india-restaurant-san-francisco-94111,http://s3-media1.fl.yelpcdn.com/dphoto/CZuWcj6loUy-fsy7TkcClg/l.jpg,http://www.8coupons.com/image/deal/11701761/featured,http://www.8coupons.com/image/deal/11701761
13815699,http://www.8coupons.com/apiout/showdeal/deal/13815699/3449003/aff,Punch Line Comedy Club - San Francisco,415.397.7573,,444 Battery St,San Francisco,CA,37.7955,-122.4,2015-12-04,2015-12-04 00:04:03,Ticketmaster,,,"Tickets to Kyle Kinane on December 4, 2015",,0,25,0,0,,2800,http://www.8coupons.com/discounts/punch-line-comedy-club-san-francisco-94111,http://s1.ticketm.net/tm/en-us/dbimages/196244a.jpg,http://www.8coupons.com/image/deal/13815699/featured,http://www.8coupons.com/image/deal/13815699
14324975,http://www.8coupons.com/apiout/showdeal/deal/14324975/3449003/aff,Oolong Noodles Restaurant,415.819.5668,,646 WASHINGTON ST,San Francisco,CA,37.7956,-122.404,2015-12-15,2015-12-04 00:59:26,yelp,,,$10 for $20 Certificate,"You get a voucher redeemable for $20 at Oolong Noodles Restaurant. Print out your voucher, or redeem on your phone with the  Yelp app .",20,10,50,10,,1,http://www.8coupons.com/discounts/oolong-noodles-restaurant-san-francisco-94111,http://s3-media4.fl.yelpcdn.com/dphoto/JRjeEKKESkl4BmvKWMmX5w/l.jpg,http://www.8coupons.com/image/deal/14324975/featured,http://www.8coupons.com/image/deal/14324975
12820957,http://www.8coupons.com/apiout/showdeal/deal/12820957/3449003,Street Taco,415.525.4435,,1607 Haight St,San Francisco,CA,37.7698,-122.449,2015-12-06,2015-07-28 05:15:21,valpak,,,"Free Burrito Order 1 Regular Burrito and 2 Drinks, Get a 2nd Burrito of Equal of Lesser Value FREE!",,,,,,Seafood Excluded. One coupon per customer. Coupons may not be combined with any other offer. With Valpak.  coupon only. Coupon void if altered.,2,http://www.8coupons.com/discounts/street-taco-san-francisco-94117,https://www.valpak.com/img/slug/StreetTacoLogo2.JPG,http://www.8coupons.com/image/deal/12820957/featured,http://www.8coupons.com/image/deal/12820957
13127125,http://www.8coupons.com/apiout/showdeal/deal/13127125/3449003,Escape From New York Pizza (Haight),415.668.5577,,1737 Haight St.,San Francisco,CA,37.7694,-122.451,2015-12-13,2015-08-04 05:15:21,valpak,,,"$4 Off Any X-Large 20""    ",,,,,,"To Redeem Online, Enter VP412 and Present Coupon To Server/Driver. One Pizza Per Customer Coupons may not be combined with any other offer. Coupon void if altered.",3,http://www.8coupons.com/discounts/escape-from-new-york-pizza-san-francisco-94117,https://www.valpak.com/img/slug/EscapeLogo.JPG,http://www.8coupons.com/image/deal/13127125/featured,http://www.8coupons.com/image/deal/13127125
14220447,http://www.8coupons.com/apiout/showdeal/deal/14220447/3449003/aff,RAW - A Juice Company,415.463.0623,,1727 Haight St,San Francisco,CA,37.7694,-122.451,2015-12-12,2015-12-01 14:34:17,yelp,,,$8 for $10 Certificate,"You get a voucher redeemable for $10 at RAW - A Juice Company. Print out your voucher, or redeem on your phone with the  Yelp app .",10,8,20,2,,1,http://www.8coupons.com/discounts/raw-a-juice-company-san-francisco-94117,http://8coupons.com/images/btypes/eat.jpg,http://www.8coupons.com/image/deal/14220447/featured,http://www.8coupons.com/image/deal/14220447
13516073,http://www.8coupons.com/apiout/showdeal/deal/13516073/3449003,Round Table Pizza,415.387.5054,,3567 Geary Boulevard,San Francisco,CA,37.781,-122.457,2015-12-13,2015-08-04 05:15:21,valpak,,,"$4 Off Any X-L Pizza, 3 Off Any Large Pizza, & $2 Off Any Medium Pizza    ",,,,,,".Dine In, Pick Up or Delivery. Delivery charge may apply. One Coupon Per Order. Limited Delivery Area. One coupon per customer. One coupon per party. Coupons may not be combined with any other offer. Not valid with any other coupon. With Valpak.  coupon only.",6,http://www.8coupons.com/discounts/round-table-pizza-3567-geary-st-san-francisco-94118,https://www.valpak.com/img/slug/RTHoriz_Logo.JPG,http://www.8coupons.com/image/deal/13516073/featured,http://www.8coupons.com/image/deal/13516073
11546067,http://www.8coupons.com/apiout/showdeal/deal/11546067/3449003/aff,Mango's Taqueria and Cantina,415.434.5000,,Pier 39,San Francisco,CA,37.8109,-122.411,2015-12-14,2015-12-03 17:19:03,yelp,,,$10 for $20 Certificate,"You get a voucher redeemable for $20 at Mango's Taqueria and Cantina. Print out your voucher, or redeem on your phone with the  Yelp app .",20,10,50,10,,1,http://www.8coupons.com/discounts/mango-s-taqueria-and-cantina-san-francisco-94133,http://s3-media2.fl.yelpcdn.com/dphoto/UZUZsButeC5yG2y7WNcYsQ/l.jpg,http://www.8coupons.com/image/deal/11546067/featured,http://www.8coupons.com/image/deal/11546067
6610835,http://www.8coupons.com/apiout/showdeal/deal/6610835/3449003,KIKI JAPANESE,415.661.5522,,1269 9th Avenue,San Francisco,CA,37.7659,-122.466,2015-12-13,2015-08-04 05:15:21,valpak,0,1,Mixed Tray For Only $27.65 (reg. price $33.00)  ,,,,,,"Tuna Sushi $2.69, Garlic Albacore $2.89, Salmon Sushi $2.69 Coupon void if altered.",3,http://www.8coupons.com/discounts/kiki-japanese-san-francisco-94121,https://www.valpak.com/img/slug/KikiLogo.JPG,http://www.8coupons.com/image/deal/6610835/featured,http://www.8coupons.com/image/deal/6610835
13633003,http://www.8coupons.com/apiout/showdeal/deal/13633003/3449003,Chang&'s Kitchen*,415.731.8110,,1030 Irving St,San Francisco,CA,37.7642,-122.469,2015-12-13,2015-08-04 05:15:21,valpak,,,FREE Egg Rolls or Deep Fried Crab Rangoon   With Order of $25 or more. Delivery Only,,,,,,Not Valid with Family Dinner. Coupons may not be combined with any other offer. Coupon void if altered.,3,http://www.8coupons.com/discounts/chang-s-kitchen-san-francisco-94122,https://www.valpak.com/img/slug/ChangsKitchenLgo_4CTI.tif,http://www.8coupons.com/image/deal/13633003/featured,http://www.8coupons.com/image/deal/13633003
12651553,http://www.8coupons.com/apiout/showdeal/deal/12651553/3449003,Mozzarella  Di Bufala*,415.661.8900,,69 West Portal Ave.,San Francisco,CA,37.74,-122.466,2015-12-13,2015-08-04 05:15:21,valpak,,,$4 OFF Any Med. or Large Pizza  ,,,,,,One coupon per customer. One coupon per party. Coupons may not be combined with any other offer. With Valpak.  coupon only. Coupon void if altered.,2,http://www.8coupons.com/discounts/mozzarella-di-bufala-pizzeria-san-francisco-94127,https://www.valpak.com/img/slug/MozzarellaDiBufLgo_4CTI.tif,http://www.8coupons.com/image/deal/12651553/featured,http://www.8coupons.com/image/deal/12651553
12238293,http://www.8coupons.com/apiout/showdeal/deal/12238293/3449003/aff,Sakesan Bistro,415.876.6313,,626 Clement St,San Francisco,CA,37.7831,-122.466,2015-12-14,2015-12-03 21:06:21,yelp,,,$10 for $20 Certificate,"You get a voucher redeemable for $20 at Sakesan Bistro. Print out your voucher, or redeem on your phone with the  Yelp app .",20,10,50,10,,1,http://www.8coupons.com/discounts/sakesan-bistro-san-francisco-94118,http://8coupons.com/images/btypes/eat.jpg,http://www.8coupons.com/image/deal/12238293/featured,http://www.8coupons.com/image/deal/12238293
13493199,http://www.8coupons.com/apiout/showdeal/deal/13493199/3449003,KITARO SUSHI,415.386.2777,,5723 Geary Blvd,San Francisco,CA,37.7801,-122.481,2015-12-13,2015-08-04 05:15:21,valpak,,,Mix Tray only $28.95    ,,,,,,"To-Go ONLY, Excludes Tax. Prices are subject to change without notice. One coupon per customer. One coupon per party. Coupons may not be combined with any other offer. With Valpak.  coupon only. Coupon void if altered.",1,http://www.8coupons.com/discounts/kitaro-sushi-san-francisco-94121,https://www.valpak.com/img/slug/KitaroLogo.JPG,http://www.8coupons.com/image/deal/13493199/featured,http://www.8coupons.com/image/deal/13493199
13802059,http://www.8coupons.com/apiout/showdeal/deal/13802059/3449003/aff,Bubble Tea & Dessert Cafe,415.662.8233,,1788 32nd Ave,San Francisco,CA,37.754,-122.49,2015-12-14,2015-12-03 21:06:20,yelp,,,$15 for $18 Certificate,"You get a voucher redeemable for $18 at Bubble Tea & Dessert Cafe. Print out your voucher, or redeem on your phone with the  Yelp app .",18,15,17,3,,1,http://www.8coupons.com/discounts/bubble-cafe-san-francisco-94122,http://8coupons.com/images/btypes/eat.jpg,http://www.8coupons.com/image/deal/13802059/featured,http://www.8coupons.com/image/deal/13802059
14055611,http://www.8coupons.com/apiout/showdeal/deal/14055611/3449003,Mama Mia Pizza,415.468.1032,,35 Visitacion Ave,Brisbane,CA,37.684,-122.403,2015-12-13,2015-09-22 19:01:04,valpak,,,"Mama Special: Large 1 Topping Pizza, & 2 Cans of Soda for Only $15.50  ",,,,,,Please Mention Coupon When Ordering. Limited Time Offer. Coupons may not be combined with any other offer. Must present coupon at time of order. Coupon void if altered.,3,http://www.8coupons.com/discounts/mama-mia-pizza-brisbane-94005,https://www.valpak.com/img/slug/MamaMiaPizza_Logo.png,http://www.8coupons.com/image/deal/14055611/featured,http://www.8coupons.com/image/deal/14055611
13790387,http://www.8coupons.com/apiout/showdeal/deal/13790387/3449003/aff,Happy Dumplings,510.303.0830,,Stonestown Farmer's Market,San Francisco,CA,37.7181,-122.486,2015-12-14,2015-12-03 21:06:20,yelp,,,$10 for $12 Certificate,"You get a voucher redeemable for $12 at Happy Dumplings. Print out your voucher, or redeem on your phone with the  Yelp app .",12,10,17,2,,2,http://www.8coupons.com/discounts/happy-dumpling-san-francisco-94132,http://8coupons.com/images/btypes/eat.jpg,http://www.8coupons.com/image/deal/13790387/featured,http://www.8coupons.com/image/deal/13790387
11301115,http://www.8coupons.com/apiout/showdeal/deal/11301115/3449003/aff,Nellie's Soulfood Restaurant & Bar,510.625.1350,,1155 3rd St,Oakland,CA,37.8011,-122.29,2015-12-15,2015-12-04 00:59:59,yelp,,,$22 for $40 Certificate,"You get a voucher redeemable for $40 at Nellie's Soulfood Restaurant & Bar. Print out your voucher, or redeem on your phone with the  Yelp app .",40,22,45,18,,1,http://www.8coupons.com/discounts/nellie-s-soulfood-oakland-94607,http://s3-media2.fl.yelpcdn.com/dphoto/JtwlV33eeFO57Tc-xno1cg/l.jpg,http://www.8coupons.com/image/deal/11301115/featured,http://www.8coupons.com/image/deal/11301115
14196397,http://www.8coupons.com/apiout/showdeal/deal/14196397/3449003,360 Gourmet Burrito,510.814.9003,,853 Marina Village Pkwy,Alameda,CA,37.7827,-122.274,2015-12-13,2015-10-21 18:58:10,valpak,,,$1 OFF Any Sauteed Burrito   Valid After 3pm and All Day Saturday!,,,,,,Coupons may not be combined with any other offer. With Valpak.  coupon only. Coupon valid at this location only. Coupon void if altered.,2,http://www.8coupons.com/discounts/360-gourmet-burrito-alameda-94501,https://www.valpak.com/img/slug/360BurritosLogo_4CTI.tif,http://www.8coupons.com/image/deal/14196397/featured,http://www.8coupons.com/image/deal/14196397
12021787,http://www.8coupons.com/apiout/showdeal/deal/12021787/3449003/aff,Big City Catering,415.467.9900,,San Francisco,South San Francisco,CA,37.6544,-122.408,2015-12-13,2015-12-02 17:47:05,yelp,,,$50 for $75 Certificate,"You get a voucher redeemable for $75 at Big City Catering. Print out your voucher, or redeem on your phone with the  Yelp app .",75,50,33,25,,1,http://www.8coupons.com/discounts/big-city-catering-south-san-francisco-94080,http://s3-media3.fl.yelpcdn.com/dphoto/2pthsrHhqnKl8IiChBKNMg/l.jpg,http://www.8coupons.com/image/deal/12021787/featured,http://www.8coupons.com/image/deal/12021787
13412961,http://www.8coupons.com/apiout/showdeal/deal/13412961/3449003/aff,Waterfront Deli,510.769.0240,,1070 Marina Village Pkwy,Alameda,CA,37.7855,-122.27,2015-12-13,2015-12-02 23:45:32,yelp,,,$25 for $30 Certificate,"You get a voucher redeemable for $30 at Waterfront Deli. Print out your voucher, or redeem on your phone with the  Yelp app .",30,25,17,5,,1,http://www.8coupons.com/discounts/waterfront-deli-alameda-94501,http://s3-media2.fl.yelpcdn.com/dphoto/ukBzX9trNfpKy3EPfZ4TTA/l.jpg,http://www.8coupons.com/image/deal/13412961/featured,http://www.8coupons.com/image/deal/13412961
13438173,http://www.8coupons.com/apiout/showdeal/deal/13438173/3449003,Wing Stop,650.877.9464,,22 Chestnut Ave,South San Francisco,CA,37.6555,-122.432,2015-12-13,2015-10-15 04:15:21,valpak,,,5 FREE BONELESS WINGS With Any Wing Purchase,,,,,,"Not valid with any other specials, promotions or offers. Present coupon at time of purchase. Valid only at participating locations. FIND COUPONS FOR THE BEST WINGS AT SAN MATEO (650) 340-9464 858 N Delaware St 94401 MILBRAE (650) 697-3300 1085 El Camino Real 94030 SOUTH SAN FRANCISCO (650) 877-9464 22 Chestnut Ave 94080 NEWARK (510) 792-9464 35000 Newark Blvd 94560. Coupon void if altered.",2,http://www.8coupons.com/discounts/wing-stop-south-san-francisco-94080,https://www.valpak.com/img/slug/WingStopExpertLogo_4CI.ai,http://www.8coupons.com/image/deal/13438173/featured,http://www.8coupons.com/image/deal/13438173
13782153,http://www.8coupons.com/apiout/showdeal/deal/13782153/3449003/aff,Max's Diner & Bar,510.451.6297,,500 12th St,Oakland,CA,37.8038,-122.273,2015-12-14,2015-12-03 14:59:10,yelp,,,$10 for $15 Certificate,"You get a voucher redeemable for $15 at Max's Diner & Bar. Print out your voucher, or redeem on your phone with the  Yelp app .",15,10,33,5,,1,http://www.8coupons.com/discounts/max-s-diner-bar-oakland-94622,http://8coupons.com/images/btypes/eat.jpg,http://www.8coupons.com/image/deal/13782153/featured,http://www.8coupons.com/image/deal/13782153
13105817,http://www.8coupons.com/apiout/showdeal/deal/13105817/3449003/aff,Takara Ramen,650.588.9993,,665 El Camino Real,South San Francisco,CA,37.6496,-122.43,2015-12-11,2015-11-30 07:47:27,yelp,,,$10 for $15 Certificate,"You get a voucher redeemable for $15 at Takara Ramen. Print out your voucher, or redeem on your phone with the  Yelp app .",15,10,33,5,,1,http://www.8coupons.com/discounts/takara-ramen-south-san-francisco-94080,http://s3-media1.fl.yelpcdn.com/dphoto/VZ5NCxQG5s-0VvnIEHJO2Q/l.jpg,http://www.8coupons.com/image/deal/13105817/featured,http://www.8coupons.com/image/deal/13105817
14104077,http://www.8coupons.com/apiout/showdeal/deal/14104077/3449003,Best Lil Pork House,510.760.4116,,2201 S Shore Ctr,Alameda,CA,37.7577,-122.251,2015-12-13,2015-10-01 17:55:08,valpak,,,$5.00 OFF Any purchase of $20.00 and over   $10.00 OFF Any purchase of $45.00 and over,,,,,,"Must present coupon. No other discounts apply. Expires 11/30/15. Coupon valid at Best Lil&'PorkHouse in Alameda, CA. Coupon void if altered.",3,http://www.8coupons.com/discounts/best-lil-pork-house-alameda-94501,https://www.valpak.com/img/slug/BestLilPorkHouseLogo_BMI.tif,http://www.8coupons.com/image/deal/14104077/featured,http://www.8coupons.com/image/deal/14104077
13327749,http://www.8coupons.com/apiout/showdeal/deal/13327749/3449003,Lily Kai,415.789.5667,,1881 Tiburon Blvd,Belvedere Tiburon,CA,37.8737,-122.456,2015-12-11,2015-08-04 05:15:21,valpak,,,10% Off Dine-In Only With order over $35.00,,,,,,Maximum discount $20.00. Must present coupon to take advantage of offer.  Cannot be combined with any other offer. One coupon per order Coupon void if altered.,3,http://www.8coupons.com/discounts/lily-kai-tiburon-belvedere-tiburon-94920,https://www.valpak.com/img/slug/LILY_KAIlogo.pdf,http://www.8coupons.com/image/deal/13327749/featured,http://www.8coupons.com/image/deal/13327749
13961023,http://www.8coupons.com/apiout/showdeal/deal/13961023/3449003,Take One Pizza,650.952.3255,,"2278 Westborough Blvd
., #203",South San Francisco,CA,37.6435,-122.453,2015-12-13,2015-09-02 17:38:16,valpak,,,Two Pizza&'s for Only 9.95    ,,,,,,Plus Tax One coupon per customer. One coupon per party. Coupons may not be combined with any other offer. Coupon void if altered.,3,http://www.8coupons.com/discounts/take-one-pizza-south-san-francisco-94080,https://www.valpak.com/img/slug/Take1logo.JPG,http://www.8coupons.com/image/deal/13961023/featured,http://www.8coupons.com/image/deal/13961023
6554381,http://www.8coupons.com/apiout/showdeal/deal/6554381/3449003,PAPA MURPHY&'S PIZZA,510.865.4777,,1929 Broadway,Alameda,CA,37.7687,-122.234,2015-12-13,2015-08-04 05:15:21,valpak,,,Large Pepperoni or 1 Topping Pizza - $7 Family Size $2 More  ,,,,,,Limit 3 per coupon. Good at participating locations. Not valid with any other offer. Coupon void if altered.,6,http://www.8coupons.com/discounts/papa-murphy-s-pizza-alameda-94501,https://www.valpak.com/img/slug/Papa_Murphy_Logo.jpg,http://www.8coupons.com/image/deal/6554381/featured,http://www.8coupons.com/image/deal/6554381
11987745,http://www.8coupons.com/apiout/showdeal/deal/11987745/3449003/aff,Holy Land Restaurant,510.272.0535,,677 Rand Ave,Oakland,CA,37.8104,-122.246,2015-12-15,2015-12-04 00:59:57,yelp,,,$5 for $10 Certificate,"You get a voucher redeemable for $10 at Holy Land Restaurant. Print out your voucher, or redeem on your phone with the  Yelp app .",10,5,50,5,,1,http://www.8coupons.com/discounts/holy-land-kosher-food-oakland-94610,http://s3-media3.fl.yelpcdn.com/dphoto/C8dpmGqpNyDvtnvkXubixQ/l.jpg,http://www.8coupons.com/image/deal/11987745/featured,http://www.8coupons.com/image/deal/11987745
12162041,http://www.8coupons.com/apiout/showdeal/deal/12162041/3449003/aff,Red Sea Restaurant,510.655.3757,,5200 Claremont Ave,Oakland,CA,37.8383,-122.261,2015-12-15,2015-12-04 00:59:56,yelp,,,$20 for $40 Certificate,"You get a voucher redeemable for $40 at Red Sea Restaurant. Print out your voucher, or redeem on your phone with the  Yelp app .",40,20,50,20,,1,http://www.8coupons.com/discounts/red-sea-restaurant-oakland-94609,http://8coupons.com/images/btypes/eat.jpg,http://www.8coupons.com/image/deal/12162041/featured,http://www.8coupons.com/image/deal/12162041
8939613,http://www.8coupons.com/apiout/showdeal/deal/8939613/3449003/aff,Bootstrapper,510.981.0486,,2836 Sacramento St,Berkeley,CA,37.8563,-122.28,2015-12-15,2015-12-04 00:59:59,yelp,,,$7 for $10 Certificate,"You get a voucher redeemable for $10 at Bootstrapper. Print out your voucher, or redeem on your phone with the  Yelp app .",10,7,30,3,,1,http://www.8coupons.com/discounts/bootstrapper-berkeley-94702,http://s3-media2.fl.yelpcdn.com/dphoto/185GCwxkyAs9M1yVPFX0Fg/l.jpg,http://www.8coupons.com/image/deal/8939613/featured,http://www.8coupons.com/image/deal/8939613
10814183,http://www.8coupons.com/apiout/showdeal/deal/10814183/3449003/aff,Mr Green Bubble,510.788.4160,,4299D Piedmont Ave.,Oakland,CA,37.829,-122.249,2015-12-15,2015-12-04 00:59:57,yelp,,,$7 for $10 Certificate,"You get a voucher redeemable for $10 at Mr Green Bubble. Print out your voucher, or redeem on your phone with the  Yelp app .",10,7,30,3,,1,http://www.8coupons.com/discounts/mr-green-bubble-oakland-94611,http://8coupons.com/images/btypes/eat.jpg,http://www.8coupons.com/image/deal/10814183/featured,http://www.8coupons.com/image/deal/10814183
8704035,http://www.8coupons.com/apiout/showdeal/deal/8704035/3449003/aff,Himalayan Flavors,510.704.0174,,1585 University Ave,Berkeley,CA,37.8707,-122.28,2015-12-15,2015-12-04 00:59:58,yelp,,,$10 for $20 Certificate,"You get a voucher redeemable for $20 at Himalayan Flavors. Print out your voucher, or redeem on your phone with the  Yelp app .",20,10,50,10,,1,http://www.8coupons.com/discounts/himalayan-flavors-restaurant-berkeley-94703,http://s3-media2.fl.yelpcdn.com/dphoto/eHvBk05qDpNqXF6biAjs9A/l.jpg,http://www.8coupons.com/image/deal/8704035/featured,http://www.8coupons.com/image/deal/8704035
14350743,http://www.8coupons.com/apiout/showdeal/deal/14350743/3449003/aff,Big Momma's Kitchen,510.479.1122,,4929 International Blvd,Oakland,CA,37.7693,-122.209,2015-12-15,2015-12-04 00:43:02,yelp,,,$15 for $30 Certificate,"You get a voucher redeemable for $30 at Big Momma's Kitchen. Print out your voucher, or redeem on your phone with the  Yelp app .",30,15,50,15,,1,http://www.8coupons.com/discounts/big-momma-s-kitchen-oakland-94601,http://8coupons.com/images/btypes/eat.jpg,http://www.8coupons.com/image/deal/14350743/featured,http://www.8coupons.com/image/deal/14350743
8506877,http://www.8coupons.com/apiout/showdeal/deal/8506877/3449003/aff,CupCakes Galore,510.914.2476,,,Oakland,CA,37.8423,-122.237,2015-12-06,2015-11-25 00:47:11,yelp,,,$10 for $15 Certificate,"You get a voucher redeemable for $15 at CupCakes Galore. Print out your voucher, or redeem on your phone with the  Yelp app .",15,10,33,5,,1,http://www.8coupons.com/discounts/cupcakes-galore-oakland-94618,http://s3-media1.fl.yelpcdn.com/dphoto/e5QtX9iSCXa-Xv5HVZMt7w/l.jpg,http://www.8coupons.com/image/deal/8506877/featured,http://www.8coupons.com/image/deal/8506877
8042037,http://www.8coupons.com/apiout/showdeal/deal/8042037/3449003/aff,Pizza La Vals  - Albany,510.528.6100,,751 San Pablo Ave,Albany,CA,37.8922,-122.3,2015-12-14,2015-12-03 17:11:03,yelp,,,$10 for $20 Certificate,"You get a voucher redeemable for $20 at Pizza La Vals - Albany. Print out your voucher, or redeem on your phone with the  Yelp app .",20,10,50,10,,1,http://www.8coupons.com/discounts/la-val-s-pizza-albany-94706,http://8coupons.com/images/btypes/eat.jpg,http://www.8coupons.com/image/deal/8042037/featured,http://www.8coupons.com/image/deal/8042037
